[{"model": "contenttypes.contenttype", "pk": 1, "fields": {"app_label": "admin", "model": "logentry"}}, {"model": "contenttypes.contenttype", "pk": 2, "fields": {"app_label": "auth", "model": "permission"}}, {"model": "contenttypes.contenttype", "pk": 3, "fields": {"app_label": "auth", "model": "group"}}, {"model": "contenttypes.contenttype", "pk": 4, "fields": {"app_label": "auth", "model": "user"}}, {"model": "contenttypes.contenttype", "pk": 5, "fields": {"app_label": "contenttypes", "model": "contenttype"}}, {"model": "contenttypes.contenttype", "pk": 6, "fields": {"app_label": "sessions", "model": "session"}}, {"model": "contenttypes.contenttype", "pk": 7, "fields": {"app_label": "NibblesBookApp", "model": "author"}}, {"model": "contenttypes.contenttype", "pk": 8, "fields": {"app_label": "NibblesBookApp", "model": "book"}}, {"model": "contenttypes.contenttype", "pk": 9, "fields": {"app_label": "NibblesBookApp", "model": "publisher"}}, {"model": "contenttypes.contenttype", "pk": 10, "fields": {"app_label": "NibblesBookApp", "model": "store"}}, {"model": "contenttypes.contenttype", "pk": 11, "fields": {"app_label": "NibblesBookApp", "model": "review"}}, {"model": "contenttypes.contenttype", "pk": 12, "fields": {"app_label": "NibblesBookApp", "model": "format"}}, {"model": "sessions.session", "pk": "yl41dfk0kcp7x2k06h0j8zcy33m96w3d", "fields": {"session_data": "MzIxZjBhYWZkOGI5MjQxMjcxMTk1ZGQ5MGJmYjM5ZTQyNzVhMzAyYzp7Il9hdXRoX3VzZXJfaWQiOiIxIiwiX2F1dGhfdXNlcl9iYWNrZW5kIjoiZGphbmdvLmNvbnRyaWIuYXV0aC5iYWNrZW5kcy5Nb2RlbEJhY2tlbmQiLCJfYXV0aF91c2VyX2hhc2giOiJmNTJhYTM4OTNkMzhjNjZmZTJlMWJkYmNjNTRlMjg4YmRiNmQyZDM0In0=", "expire_date": "2019-10-29T18:10:18.551Z"}}, {"model": "NibblesBookApp.author", "pk": 1, "fields": {"image": "static/images/authors/CharlotteBront\u00eb.jpg", "first_name": "Charlotte", "last_name": "Bront\u00eb", "about": "Charlotte Bront\u00eb was a British novelist, the eldest out of the three famous Bront\u00eb sisters whose novels have become standards of English literature. See also Emily Bront\u00eb and Anne Bront\u00eb.  Charlotte Bront\u00eb was born in Thornton, Yorkshire, England, the third of six children, to Patrick Bront\u00eb (formerly \"Patrick Brunty\"), an Irish Anglican clergyman, and his wife, Maria Branwell. In April 1820 the family moved a few miles to Haworth, a remote town on the Yorkshire moors, where Patrick had been appointed Perpetual Curate. This is where the Bront\u00eb children would spend most of their lives. Maria Branwell Bront\u00eb died from what was thought to be cancer on 15 September 1821, leaving five daughters and a son to the care of her spinster sister Elizabeth Branwell, who moved to Yorkshire to help the family."}}, {"model": "NibblesBookApp.author", "pk": 2, "fields": {"image": "static/images/authors/GracelivingstonHill.jpg", "first_name": "Grace", "last_name": "Livingston Hill", "about": "A popular author of her day, she wrote over 100 novels and numerous short stories of religious and Christian fiction. Her characters were most often young female ing\u00e9nues, frequently strong Christian women or those who become so within the confines of the story."}}, {"model": "NibblesBookApp.author", "pk": 3, "fields": {"image": "static/images/authors/FrancesHodgson.jpg", "first_name": "Frances", "last_name": "Hodgson Burnett", "about": "Frances Eliza Hodgson was the daughter of ironmonger Edwin Hodgson, who died three years after her birth, and his wife Eliza Boond. She was educated at The Select Seminary for Young Ladies and Gentleman until the age of fifteen, at which point the family ironmongery, then being run by her mother, failed, and the family emigrated to Knoxville, Tennessee. Here Hodgson began to write, in order to supplement the family income, assuming full responsibility for the family upon the death of her mother, in 1870. In 1872 she married Dr. Swan Burnett, with whom she had two sons, Lionel and Vivian. The marriage was dissolved in 1898. In 1900 Burnett married actor Stephen Townsend until 1902 when they got divorced. Following her great success as a novelist, playwright, and children's author, Burnett maintained homes in both England and America, traveling back and forth quite frequently. She died in her Long Island, New York home, in 1924."}}, {"model": "NibblesBookApp.author", "pk": 4, "fields": {"image": "static/images/authors/BramStoker.jpg", "first_name": "Bram", "last_name": "Stoker", "about": "He was born Abraham Stoker in 1847 at 15 Marino Crescent \u2013 then as now called \"The Crescent\" \u2013 in Fairview, a coastal suburb of Dublin, Ireland. His parents were Abraham Stoker and the feminist Charlotte Mathilda Blake Thornely. Stoker was the third of seven children. Abraham and Charlotte were members of the Clontarf Church of Ireland parish and attended the parish church (St. John the Baptist located on Seafield Road West) with their children, who were both baptised there.\r\nStoker was an invalid until he started school at the age of seven \u2014 when he made a complete and astounding recovery. Of this time, Stoker wrote, \"I was naturally thoughtful, and the leisure of long illness gave opportunity for many thoughts which were fruitful according to their kind in later years.\"\r\nAfter his recovery, he became a normal young man, even excelling as an athlete (he was named University Athlete) at Trinity College, Dublin (1864 \u2013 70), from which he graduated with honours in mathematics. He was aud"}}, {"model": "NibblesBookApp.author", "pk": 5, "fields": {"image": "static/images/authors/EmmuskaOrczy.jpg", "first_name": "Emmuska", "last_name": "Orczy", "about": "Full name: Emma (\"Emmuska\") Magdolna Roz\u00e1lia M\u00e1ria Jozefa Borb\u00e1la Orczy de Orczi was a Hungarian-British novelist, best remembered as the author of THE SCARLET PIMPERNEL (1905). Baroness Orczy's sequels to the novel were less successful. She was also an artist, and her works were exhibited at the Royal Academy, London. Her first venture into fiction was with crime stories. Among her most popular characters was The Old Man in the Corner, who was featured in a series of twelve British movies from 1924, starring Rolf Leslie."}}, {"model": "NibblesBookApp.publisher", "pk": 1, "fields": {"name": "Modern Library"}}, {"model": "NibblesBookApp.publisher", "pk": 2, "fields": {"name": "North Books"}}, {"model": "NibblesBookApp.publisher", "pk": 3, "fields": {"name": "Penguin Classics"}}, {"model": "NibblesBookApp.publisher", "pk": 4, "fields": {"name": "Tyndale House Publishers"}}, {"model": "NibblesBookApp.publisher", "pk": 5, "fields": {"name": "BiblioLife"}}, {"model": "NibblesBookApp.publisher", "pk": 6, "fields": {"name": "Children's Classics"}}, {"model": "NibblesBookApp.publisher", "pk": 7, "fields": {"name": "Norton"}}, {"model": "NibblesBookApp.publisher", "pk": 8, "fields": {"name": "Travelman Publishing"}}, {"model": "NibblesBookApp.store", "pk": 1, "fields": {"name": "Barnes and Noble"}}, {"model": "NibblesBookApp.store", "pk": 2, "fields": {"name": "Barbara\u2019s Bookstore"}}, {"model": "NibblesBookApp.store", "pk": 3, "fields": {"name": "Books-a-Million"}}, {"model": "NibblesBookApp.book", "pk": 1, "fields": {"image": "static/images/books/Villette.jpg", "title": "Villette", "author": 1, "pages": 573, "description": "With her final novel, Villette, Charlotte Bront\u00eb reached the height of her artistic power. First published in 1853, Villette is Bront\u00eb's most accomplished and deeply felt work, eclipsing even Jane Eyre in critical acclaim. Her narrator, the autobiographical Lucy Snowe, flees England and a tragic past to become an instructor in a French boarding school in the town of Villette. There she unexpectedly confronts her feelings of love and longing as she witnesses the fitful romance between Dr. John, a handsome young Englishman, and Ginerva Fanshawe, a beautiful coquette. The first pain brings others, and with them comes the heartache Lucy has tried so long to escape.", "genre": "Fiction", "isbn": 9781853260767, "publisher": 1, "date": "1853-01-15T23:01:33Z", "store": [1, 2, 3]}}, {"model": "NibblesBookApp.book", "pk": 2, "fields": {"image": "static/images/books/TheProfessor.jpg", "title": "The Professor", "author": 1, "pages": 269, "description": "The Professor was the first novel by Charlotte Bront\u00eb. It was originally written before Jane Eyre and rejected by many publishing houses, but was eventually published posthumously in 1857. The book is the story of a young man, William Crimsworth. It describes his maturation, his loves and his eventual career as a professor at an all-girl's school. The story is based upon Charlotte Bront\u00eb's experiences in Brussels, where she studied as a language student in 1842.", "genre": "Romance", "isbn": 9781582870953, "publisher": 2, "date": "1999-05-15T22:25:38Z", "store": [1, 2]}}, {"model": "NibblesBookApp.book", "pk": 3, "fields": {"image": "static/images/books/Shirley.jpg", "title": "Shirley", "author": 1, "pages": 624, "description": "Following the tremendous popular success of Jane Eyre, which earned her lifelong notoriety as a moral revolutionary, Charlotte Bront\u00eb vowed to write a sweeping social chronicle that focused on \"something real and unromantic as Monday morning.\" Set in the industrializing England of the Napoleonic wars and Luddite revolts of 1811-12, Shirley (1849) is the story of two contrasting heroines. One is the shy Caroline Helstone, who is trapped in the oppressive atmosphere of a Yorkshire rectory and whose bare life symbolizes the plight of single women in the nineteenth century. The other is the vivacious Shirley Keeldar, who inherits a local estate and whose wealth liberates her from convention.", "genre": "Romance", "isbn": 9780141439860, "publisher": 3, "date": "2006-06-29T23:58:02Z", "store": [1, 3]}}, {"model": "NibblesBookApp.book", "pk": 4, "fields": {"image": "static/images/books/TheEnchantedBarn.jpg", "title": "The Enchanted Barn", "author": 2, "pages": 248, "description": "The Hollisters, a bright, spirited, wholesome family, are compelled to move into the country. After many efforts to secure a home, Shirley, eldest of the Hollisters, contrives a way out by renting a magnificent old stone barn at a ridiculously low price, transforming it into a house. The owner of the barn is not an ordinary landlord, as you will see, for he is a young man with fine ideals, and he is not content with establishing Shirley and her family in the quaintly beautiful old place, but makes the world a much happier place to live in for all of them.", "genre": "Romance", "isbn": 9780842307680, "publisher": 4, "date": "1988-05-16T00:19:23Z", "store": [1, 2, 3]}}, {"model": "NibblesBookApp.book", "pk": 5, "fields": {"image": "static/images/books/TheGirlFromMontana.jpg", "title": "The Girl From Montana", "author": 2, "pages": 180, "description": "1907. This is the story of a lovable girl upon whom fate has thrust a seemingly unbearable burden of trouble. She is alone in the mountains of Montana and threatened by a man whom she has every cause to hate and fear. Feeling that flight is the only course left, she arms herself, mounts a horse and bravely rides away. Thus begins a trail that finally leads her to the East, and to grandparents of widely divergent social stations. Her experiences with both are novel and sometimes humorous, but through them all she never quite forgets a certain tenderfoot who befriended her for a short time in her lonely journey. She meets him again under most unusual circumstances.", "genre": "Religion", "isbn": 9781426485534, "publisher": 5, "date": "2019-10-16T00:35:42Z", "store": [1, 2, 3]}}, {"model": "NibblesBookApp.book", "pk": 6, "fields": {"image": "static/images/books/ALittlePrincess.jpg", "title": "A Little Princess", "author": 3, "pages": 242, "description": "Sara Crewe, an exceptionally intelligent and imaginative student at Miss Minchin's Select Seminary for Young Ladies, is devastated when her adored, indulgent father dies. Now penniless and banished to a room in the attic, Sara is demeaned, abused, and forced to work as a servant. How this resourceful girl's fortunes change again is at the center of A Little Princess, one of the best-loved stories in all of children's literature.", "genre": "Fiction", "isbn": 9780142437018, "publisher": 3, "date": "2002-01-27T01:50:47Z", "store": [1, 2]}}, {"model": "NibblesBookApp.book", "pk": 7, "fields": {"image": "static/images/books/TheSecretGarden.jpg", "title": "The Secret Garden", "author": 3, "pages": 331, "description": "One of the most delightful and enduring classics of children's literature, The Secret Garden by Victorian author Frances Hodgson Burnett has remained a firm favorite with children the world over ever since it made its first appearance. Initially published as a serial story in 1910 in The American Magazine, it was brought out in novel form in 1911.", "genre": "Fiction", "isbn": 9780517189603, "publisher": 6, "date": "2019-10-16T01:03:49Z", "store": [1, 2]}}, {"model": "NibblesBookApp.book", "pk": 8, "fields": {"image": "static/images/books/Dracula.jpg", "title": "Dracula", "author": 4, "pages": 488, "description": "A rich selection of background and source materials is provided in three areas: Contexts includes probable inspirations for Dracula in the earlier works of James Malcolm Rymer and Emily Gerard. Also included are a discussion of Stoker's working notes for the novel and \"Dracula's Guest,\" the original opening chapter to Dracula. Reviews and Reactions reprints five early reviews of the novel. \"Dramatic and Film Variations\" focuses on theater and film adaptations of Dracula, two indications of the novel's unwavering appeal. David J. Skal, Gregory A. Waller, and Nina Auerbach offer their varied perspectives. Checklists of both dramatic and film adaptations are included.", "genre": "Horror", "isbn": 9780393970128, "publisher": 7, "date": "1986-05-12T18:25:59Z", "store": [1, 2, 3]}}, {"model": "NibblesBookApp.book", "pk": 9, "fields": {"image": "static/images/books/TheJudgesHouse.jpg", "title": "The Judge's House", "author": 4, "pages": 24, "description": "A scholar takes up residence in the former home of a judge with a very evil reputation. He finds the place infested with rats, but it suits his purposes... until one of the rats grows too bold, and the scholar realizes the horror he's stumbled into.", "genre": "Horror", "isbn": 9781860920080, "publisher": 8, "date": "1998-12-28T19:39:49Z", "store": [2, 3]}}, {"model": "NibblesBookApp.book", "pk": 10, "fields": {"image": "static/images/books/TheScarletPimpernel.jpg", "title": "The Scarlet Pimpernel", "author": 5, "pages": 182, "description": "Armed with only his wits and his cunning, one man recklessly defies the French revolutionaries and rescues scores of innocent men, women, and children from the deadly guillotine. His friends and foes know him only as the Scarlet Pimpernel. But the ruthless French agent Chauvelin is sworn to discover his identity and to hunt him down.", "genre": "Classics", "isbn": 9781576469231, "publisher": 8, "date": "2019-10-17T18:49:18Z", "store": [1, 2]}}, {"model": "NibblesBookApp.book", "pk": 11, "fields": {"image": "static/images/books/TheOldManinTheCorner.jpg", "title": "The Old Man in the Corner", "author": 5, "pages": 156, "description": "A nameless, eccentric old man, sitting in the corner of a cozy London tea shop, uses pure deduction to solve a series of baffling crimes -- from gruesome murders and cases of deadly blackmail, to daring thefts and brilliant deceptions. For devotees of Sherlock Holmes: ingenious, well-crafted stories by the author of The Scarlet Pimpernel.", "genre": "Mystery", "isbn": 9781406835892, "publisher": 2, "date": "2007-10-17T19:01:40Z", "store": [1, 2, 3]}}, {"model": "NibblesBookApp.book", "pk": 12, "fields": {"image": "static/images/books/JaneEyre.jpg", "title": "Jane Eyre", "author": 1, "pages": 532, "description": "Orphaned as a child, Jane has felt an outcast her whole young life. Her courage is tested once again when she arrives at Thornfield Hall, where she has been hired by the brooding, proud Edward Rochester to care for his ward Ad\u00e8le. Jane finds herself drawn to his troubled yet kind spirit. She falls in love. Hard.\r\n\r\nBut there is a terrifying secret inside the gloomy, forbidding Thornfield Hall. Is Rochester hiding from Jane? Will Jane be left heartbroken and exiled once again?", "genre": "Classics", "isbn": 9780142437209, "publisher": 3, "date": "2003-01-04T21:37:07Z", "store": [1, 2, 3]}}, {"model": "NibblesBookApp.format", "pk": 1, "fields": {"format_type": "Paperback", "book": 1, "price_currency": "USD", "price": "11.45"}}, {"model": "NibblesBookApp.format", "pk": 2, "fields": {"format_type": "Kindle", "book": 1, "price_currency": "USD", "price": "5.99"}}, {"model": "NibblesBookApp.format", "pk": 3, "fields": {"format_type": "Kindle", "book": 2, "price_currency": "USD", "price": "2.99"}}, {"model": "NibblesBookApp.format", "pk": 4, "fields": {"format_type": "Paperback", "book": 2, "price_currency": "USD", "price": "7.45"}}, {"model": "NibblesBookApp.format", "pk": 5, "fields": {"format_type": "HardCover", "book": 2, "price_currency": "USD", "price": "10.10"}}, {"model": "NibblesBookApp.format", "pk": 6, "fields": {"format_type": "Paperback", "book": 3, "price_currency": "USD", "price": "5.77"}}, {"model": "NibblesBookApp.format", "pk": 7, "fields": {"format_type": "Audio CD", "book": 3, "price_currency": "USD", "price": "23.00"}}, {"model": "NibblesBookApp.format", "pk": 8, "fields": {"format_type": "HardCover", "book": 3, "price_currency": "USD", "price": "6.44"}}, {"model": "NibblesBookApp.format", "pk": 9, "fields": {"format_type": "Paperback", "book": 4, "price_currency": "USD", "price": "11.99"}}, {"model": "NibblesBookApp.format", "pk": 10, "fields": {"format_type": "Hardcover", "book": 4, "price_currency": "USD", "price": "7.58"}}, {"model": "NibblesBookApp.format", "pk": 11, "fields": {"format_type": "Paperback", "book": 7, "price_currency": "USD", "price": "12.00"}}, {"model": "NibblesBookApp.format", "pk": 12, "fields": {"format_type": "Paperback", "book": 6, "price_currency": "USD", "price": "8.35"}}, {"model": "NibblesBookApp.format", "pk": 13, "fields": {"format_type": "Paperback", "book": 5, "price_currency": "USD", "price": "11.11"}}, {"model": "NibblesBookApp.format", "pk": 14, "fields": {"format_type": "Kindle", "book": 5, "price_currency": "USD", "price": "6.78"}}, {"model": "NibblesBookApp.format", "pk": 15, "fields": {"format_type": "Paperback", "book": 8, "price_currency": "USD", "price": "17.00"}}, {"model": "NibblesBookApp.format", "pk": 16, "fields": {"format_type": "Hardcover", "book": 8, "price_currency": "USD", "price": "22.00"}}, {"model": "NibblesBookApp.format", "pk": 17, "fields": {"format_type": "Paperback", "book": 9, "price_currency": "USD", "price": "12.00"}}, {"model": "NibblesBookApp.format", "pk": 18, "fields": {"format_type": "Audio CD", "book": 9, "price_currency": "USD", "price": "23.00"}}, {"model": "NibblesBookApp.format", "pk": 19, "fields": {"format_type": "Paperback", "book": 10, "price_currency": "USD", "price": "3.44"}}, {"model": "NibblesBookApp.format", "pk": 20, "fields": {"format_type": "Paperback", "book": 11, "price_currency": "USD", "price": "22.00"}}, {"model": "NibblesBookApp.format", "pk": 21, "fields": {"format_type": "Kindle", "book": 11, "price_currency": "USD", "price": "2.99"}}, {"model": "NibblesBookApp.format", "pk": 22, "fields": {"format_type": "Paperback", "book": 12, "price_currency": "USD", "price": "12.00"}}, {"model": "NibblesBookApp.format", "pk": 23, "fields": {"format_type": "Kindle", "book": 12, "price_currency": "USD", "price": "8.99"}}, {"model": "NibblesBookApp.format", "pk": 24, "fields": {"format_type": "Audio CD", "book": 12, "price_currency": "USD", "price": "24.00"}}, {"model": "NibblesBookApp.review", "pk": 1, "fields": {"reviewer": "Tatiana", "date": "2012-10-11T22:17:53Z", "book": 1, "rating": 4, "title": "Creative Writer", "content": "I loved this novel. Obsessive reader as I am, I feel simply obligated to consume all kinds of reviews and discussions after finishing a book that left me in awe and baffled. This time I even ventured into the territory of critical analyses and interpretations. Many things came up during my quest to find out what people think of the heroine of Villette and the book as a whole - that this is a novel about a woman who fights to attain her independence, that Lucy Snowe is a liar, that almost all characters in the book"}}, {"model": "NibblesBookApp.review", "pk": 2, "fields": {"reviewer": "Vince", "date": "2019-10-15T22:18:23Z", "book": 1, "rating": 5, "title": "Just wonderful", "content": "With this, I think, fourth reading, the book reconstitutes itself utterly fresh yet familiar. I still find it surprising in ways I could not have appreciated earlier, as if another layer of the narrative complexity were revealing itself. It seems logical to reread books an author has put through multiple drafts. If reading is a parallel act of creation, rereading is to contrast multiple impressions over time. Villette is my favorite Victorian novel."}}, {"model": "NibblesBookApp.review", "pk": 3, "fields": {"reviewer": "Bob", "date": "2018-09-15T22:19:02Z", "book": 1, "rating": 4, "title": "Very Interesting book", "content": "This book is better than Jane Eyre, guys. This is where Charlotte Bronte shows her real brilliance. I hovered between giving this two stars and four for about half the book because I really wasn't sure what was going on beneath the surface. But then I figured out that I was stupid and didn't see half of the things that Charlotte Bronte had done. She's brilliant. Her narrator is completely unreliable. She's a tease. She withholds. She doesn't tell us the lines we wish most to hear. She deals with feelings that should have fulsome paragaphs in oblique, obscuring half sentences."}}, {"model": "NibblesBookApp.review", "pk": 4, "fields": {"reviewer": "CornBread", "date": "2011-04-20T22:20:18Z", "book": 1, "rating": 4, "title": "certainly worth reading", "content": "I liked this novel, I think partly because I pictured Charlotte as the character of Lucy Snowe. I felt like it was almost semi-autobiographical in nature. But it's still not in the same league with Jane Eyre, which will forever be considered Bronte's masterpiece. I read where George Eliot and Virginia Woolf believe Villette was her best novel. But in my opinion Jane Eyre is the gold standard of classic English literature. But still, I give Villette 4 stars, certainly worth reading."}}, {"model": "NibblesBookApp.review", "pk": 5, "fields": {"reviewer": "Sarah", "date": "2019-10-15T23:59:28Z", "book": 3, "rating": 4, "title": "Good read!", "content": "The book was a good read for me!"}}, {"model": "NibblesBookApp.review", "pk": 6, "fields": {"reviewer": "Nathan", "date": "2007-10-13T23:59:42Z", "book": 3, "rating": 1, "title": "Good read!", "content": "Shirley is a not-quite-comfortable hybrid of a romance and an anti-silver fork novel, the latter as assuredly as Thackeray\u2019s trenchantly sarcastic Vanity Fair, which is set during the same period. It is among the first of the industrial novels that demonstrate the desperation of the poor during the beginning of the industrial revolution\u2019s inexorably swift changes."}}, {"model": "NibblesBookApp.review", "pk": 7, "fields": {"reviewer": "Ahmad", "date": "2015-08-15T00:00:40Z", "book": 3, "rating": 1, "title": "disappointing", "content": "As you can see from my rating, I was quite disappointed with this novel. However, it wasn't until about 2/3 into it that I realized that this book wasn't going to blow me away, and so I decided to read on till the end. I admit that I had high expectations to this novel since Jane Eyre, a masterpiece by Charlotte Bront\u00eb, is amongst my favourites classics. Yet, it is peculiar how Shirley is so different from anything else I've read by Charlotte Bront\u00eb."}}, {"model": "NibblesBookApp.review", "pk": 8, "fields": {"reviewer": "Barry", "date": "2010-10-16T00:02:08Z", "book": 2, "rating": 4, "title": "eloquent book", "content": "I think the best way of approaching this book is to look at is a learning curve for the author. The prose in Jane Eyre is sophisticated and eloquent; it is developed and persuasive: it is powerful, and a points simply beautiful. Charlotte\u2019s writing in this just isn\u2019t at the same level."}}, {"model": "NibblesBookApp.review", "pk": 9, "fields": {"reviewer": "Henry", "date": "2011-11-16T01:02:52Z", "book": 2, "rating": 1, "title": "Good read!", "content": "Mr. William Crimsworth newly graduated from exclusive Eton College, writes a letter to his one and only friend Charles, about his adventures since both left the school ( Charles never receives it, having departed for parts unknown). William late mother was an aristocrat but having married \"beneath her,\" had been shunned by her family, something common in the unforgiving mid 19th century England."}}, {"model": "NibblesBookApp.review", "pk": 10, "fields": {"reviewer": "Sean", "date": "2010-10-16T00:03:25Z", "book": 2, "rating": 3, "title": "Average read", "content": "Every time I finish a Charlotte Bronte novel, my heart pounds and my mind is disoriented. After reaching the end of her stories, closing her pages for the last time, and remembering the long passages written out in long-hand, it's all like slowly surfacing from the depths of another world, and you're back home in reality, not quite sure you want to be there."}}, {"model": "NibblesBookApp.review", "pk": 11, "fields": {"reviewer": "Holla", "date": "2013-10-12T00:23:52Z", "book": 4, "rating": 5, "title": "Dope stuff right here!", "content": "I'm a huge fan of Grace Livingston Hill and this book is one of my all time favourites. I love that she manages to create a woman who both fulfills the feminine ideal of the time, whilst also having confidence and power over her own life. In many ways Shirley is my ideal sweet-alpha-female. I simply adore this book and highly recommend it."}}, {"model": "NibblesBookApp.review", "pk": 12, "fields": {"reviewer": "Amber", "date": "2018-01-16T01:24:38Z", "book": 4, "rating": 5, "title": "a fan favorite", "content": "One of my favorite GLH books."}}, {"model": "NibblesBookApp.review", "pk": 13, "fields": {"reviewer": "Elizabeth", "date": "2017-11-04T00:25:21Z", "book": 4, "rating": 1, "title": "horrible", "content": "At first, I was reading this book at face value, but it was rather horrible in an Elsie-Dinsmore sort of way. Then it added Boxcar Children, Nancy Drew, and Thoroughly Modern Millie, and was a marvelously charming and funny read, although very dated in terms of romantic honor and democracy v. station."}}, {"model": "NibblesBookApp.review", "pk": 14, "fields": {"reviewer": "Julia", "date": "2015-09-08T00:36:42Z", "book": 5, "rating": 5, "title": "beautifully written!", "content": "I've been reading Grace Livingston Hill for over 50 years. This book is refreshing and beautifully written, spreading the gospel of our Lord Jesus Christ. Her books are a testament on how you should live you you life whether you are 15 or 65. Her books influenced my life in so many ways"}}, {"model": "NibblesBookApp.review", "pk": 15, "fields": {"reviewer": "Carol", "date": "2015-11-16T01:37:18Z", "book": 5, "rating": 5, "title": "I recommend to anyone", "content": "This is the first book that grabbed my imagination at age of 9 and from this book my love of reading was found. God is our refuge and His mercy and love abound in this story."}}, {"model": "NibblesBookApp.review", "pk": 16, "fields": {"reviewer": "Jane", "date": "2019-10-16T00:38:49Z", "book": 5, "rating": 4, "title": "Liked", "content": "Way heavier on the moralizing and religion than The Enchanted Barn, but there's a happy ending so let's be honest, I liked it."}}, {"model": "NibblesBookApp.review", "pk": 17, "fields": {"reviewer": "Shannan", "date": "2010-10-16T00:39:15Z", "book": 5, "rating": 3, "title": "Liked it", "content": "I found this book online while searching for free ebooks. For the most part I liked it. Good beginning, the middle was a bit dry at times, and a great finish. The only flaw is that the middle was boring at points, and the characters being called just 'the girl' and 'the man' became confusing when other characters were present."}}, {"model": "NibblesBookApp.review", "pk": 18, "fields": {"reviewer": "Janie", "date": "2013-10-16T00:39:50Z", "book": 5, "rating": 5, "title": "I would read again!", "content": "I'm giving this book a five because I would read it again. Not sure what it was about this book but it was a breath of fresh air for me. It brought me to a happy place...This book is free for download on kindle and I am looking forward to checking out more Grace Livingston Hill books in the future."}}, {"model": "NibblesBookApp.review", "pk": 19, "fields": {"reviewer": "Hailey", "date": "2014-10-16T00:52:32Z", "book": 6, "rating": 5, "title": "Awesome", "content": "Oh my goodness I absolutely adored this! This brought me right back to childhood since I loved the movie as a kid, so glad the book is just as good!!"}}, {"model": "NibblesBookApp.review", "pk": 20, "fields": {"reviewer": "Catherine", "date": "2018-10-16T00:53:19Z", "book": 6, "rating": 5, "title": "simply beautiful", "content": "My heart is so full after reading this. Years ago, I got the movie A Little Princess for my birthday. I had never heard anything about it before, but little did I know that I would break the DVD player watching it so many times. Like the movie, the book is beautiful. There really is no other word that can accurately describe it."}}, {"model": "NibblesBookApp.review", "pk": 21, "fields": {"reviewer": "Holly", "date": "2017-05-16T00:54:06Z", "book": 6, "rating": 4, "title": "Interesting", "content": "I really enjoyed this one! I thought it was very uplifting, and I loved the message behind it. I would definitely recommend this book to people of all ages."}}, {"model": "NibblesBookApp.review", "pk": 22, "fields": {"reviewer": "Todd", "date": "2007-10-16T01:07:57Z", "book": 7, "rating": 5, "title": "Amazing!", "content": "I know this book seems out of place among the fare I usually read, but hey, all I can say is that I like what I like. There is some intangible quality to this book that really strikes a chord in me. The whole idea of that sickly child being healed with love, attention, and (forgive me an LDS joke) wholesome recreational activities, just somehow speaks Truth to me. I think this book has strong application to today's problems with the rising generation."}}, {"model": "NibblesBookApp.review", "pk": 23, "fields": {"reviewer": "Tahera", "date": "2017-10-16T01:08:24Z", "book": 7, "rating": 3, "title": "Not bad", "content": "This was an absolute joy ride and like my friend Karin put it, it was 'lovely and heartwarming' \ud83d\ude0a."}}, {"model": "NibblesBookApp.review", "pk": 24, "fields": {"reviewer": "Brian Yayon", "date": "2019-10-16T01:09:04Z", "book": 7, "rating": 4, "title": "Good read!", "content": "The Secret Garden is a \"lovely\" story in every sense of the word. Primarily, it's about three kids: Mistress Mary, Dickon, and Master Colin--and how just thinking a little differently can change a person completely."}}, {"model": "NibblesBookApp.review", "pk": 25, "fields": {"reviewer": "Caz", "date": "2015-04-17T18:27:50Z", "book": 8, "rating": 3, "title": "Not the best but an ok read!", "content": "Managed to finish this :) Second time studying, but first successful read-through.\r\nI enjoyed it more this time around, mainly because I actually read the last quarter or so of the book, which was the most enjoyable in my opinion."}}, {"model": "NibblesBookApp.review", "pk": 26, "fields": {"reviewer": "Parham", "date": "2007-10-17T18:29:08Z", "book": 8, "rating": 1, "title": "disappointed", "content": "I was rather disappointed by this classic. It started out with promise, especially the Jonathan Harker bits. Then all the male characters descended into blubbering worshippers of the two female characters, and by the end of the novel, I was wishing Dracula could snack on all of them and be done with it. I kept having to put it aside and read chapters in between other books, but I managed to finish it at last."}}, {"model": "NibblesBookApp.review", "pk": 27, "fields": {"reviewer": "Emily", "date": "2011-10-11T18:30:56Z", "book": 8, "rating": 3, "title": "overrated!", "content": "I've grown to appreciate this more with age - especially as I've put more distance between myself and the time I studied Dracula at school. But I still think it's overrated. Dracula isn't nearly scary enough, Jonathan Harker is a wet mop of a protagonist, Mina is annoying and the best character [spoiler alert!] gets killed less than halfway into the book."}}, {"model": "NibblesBookApp.review", "pk": 28, "fields": {"reviewer": "Amina", "date": "2019-10-17T18:41:50Z", "book": 9, "rating": 4, "title": "Good!", "content": "First review : 3 stars \r\n\r\nWell, it wasn't that frightening being a Bram Stoker story, not even a single chill, but the end wasn't what I expected, which made it for the three stars!\r\n\r\nSecond review: 4 stars\r\n\r\nI still don't find it that creepy but I guess it's just because I am safe in my house with my family.\r\nWhen you put yourself in the student's shoes, I think that the situation changes dramatically! \ud83e\udd24\ud83d\udc7b"}}, {"model": "NibblesBookApp.review", "pk": 29, "fields": {"reviewer": "Colleen", "date": "2018-06-17T18:42:47Z", "book": 9, "rating": 5, "title": "Loved it!", "content": "If rats and mice didn't scare me enough before this short story sure did the trick. Pick this one up if you're looking for a quick scare. The ending was not expected. Loved it!"}}, {"model": "NibblesBookApp.review", "pk": 30, "fields": {"reviewer": "Marts", "date": "2014-10-17T18:43:56Z", "book": 9, "rating": 4, "title": "Cool Book!", "content": "Neglecting the tales that he hears about a former judge's house, a student still decides to stay there for a while to 'get away'. Soon he realises that he's made a big mistake..."}}, {"model": "NibblesBookApp.review", "pk": 31, "fields": {"reviewer": "Nancy", "date": "2017-11-17T19:50:45Z", "book": 10, "rating": 4, "title": "Nice read!", "content": "I've always had a thing for books that use the Scarlet Pimpernel trope: the intelligent, capable person who hides behind a mask of inanity. So Emma Orczy gets extra points from me for popularizing this secret identity plot device in her 1905 book The Scarlet Pimpernel."}}, {"model": "NibblesBookApp.review", "pk": 32, "fields": {"reviewer": "Rowena", "date": "2011-10-17T18:51:58Z", "book": 10, "rating": 5, "title": "Excellent!", "content": "\u201cA surging, seething murmuring crowd, of beings that are human only in name, for to the eye and ear they seem naught but savage creatures, animated by vile passions and by the lust of vengeance and of hate.\u201d- The Scarlet Pimpernel, Baroness Orczy\r\n\r\nIt\u2019s been too long since I last enjoyed a classic novel and I was beginning to fear that I was falling out of love with my favourite genre. Well, I found the remedy with \u201cThe Scarlet Pimpernel.\u201d What a lot of fun!"}}, {"model": "NibblesBookApp.review", "pk": 33, "fields": {"reviewer": "Julie", "date": "2011-10-17T18:53:01Z", "book": 10, "rating": 5, "title": "One of the Best!", "content": "I have seen a movie version on this book at some point but I had not read the book. I am so glad I did. I highly recommend it. Don't rely on the movie versions of this classic, they don't do it justice. If you have an e reader this book should be free. I ordered mine on Kindle. There were some typos here and there, but nothing serious."}}, {"model": "NibblesBookApp.review", "pk": 34, "fields": {"reviewer": "Kathy", "date": "2019-10-02T19:03:09Z", "book": 11, "rating": 3, "title": "Interesting", "content": "This was an interesting reading experience. It is compared to Sherlock Holmes which is why I chose to read it, but I was disappointed. The book is a collection of mysteries that all follow the same pattern. Young reporter Polly Burton meets an elderly man at the teashop where she routinely goes for lunch and he gives her the solution to a number of criminal cases that have made headlines and baffled the police."}}, {"model": "NibblesBookApp.review", "pk": 35, "fields": {"reviewer": "Laura", "date": "2012-10-17T19:04:23Z", "book": 11, "rating": 3, "title": "Good read!", "content": "A collection of mystery short-stories written by Baroness Emmuska Orczy. I would say that she is not a master writter of this genre of book, I still prefer the Scarlet Pimpirnel series."}}, {"model": "NibblesBookApp.review", "pk": 36, "fields": {"reviewer": "Graham", "date": "2014-11-17T20:15:26Z", "book": 11, "rating": 4, "title": "Pretty Good read!", "content": "Baroness Orcy's classic holds up pretty well, as perhaps the best early imitation of Sherlock Holmes. A young society reporter having lunch at her usual table in her usual shop is accosted by an odd old man. She was reading a newspaper report of a sensational murder, and he butts in to her thoughts to tell her that the police have it all wrong."}}, {"model": "NibblesBookApp.review", "pk": 37, "fields": {"reviewer": "Sean", "date": "2014-10-17T20:43:25Z", "book": 12, "rating": 5, "title": "Reader, I gave it five stars.", "content": "Jane Eyre is the quintessential Victorian novel. It literally has everything that was typical of the period, but, unlike other novels, it has all the elements in one story. At the centre is the romance between Jane and Rochester, which is enhanced by gothic elements such as the uncanniness of the doppleganger and the spectre like qualities of Bertha."}}, {"model": "NibblesBookApp.review", "pk": 38, "fields": {"reviewer": "Cristin", "date": "2007-09-17T20:44:04Z", "book": 12, "rating": 5, "title": "Great read!!!", "content": "I could bang Mr. Rochester like a screen door 'till next Tuesday. That's not all I got from this book, honestly..."}}, {"model": "NibblesBookApp.review", "pk": 39, "fields": {"reviewer": "Dana", "date": "2013-09-13T20:44:30Z", "book": 12, "rating": 5, "title": "loved it!", "content": "For years I've been saying that Jane Eyre is my favorite novel of all time--\r\nand that it is. The character of Jane is, to me, one of the most admirable and appealing fictional characters of all time. Poor and plain she may be, but her spirit is indomitable.\r\nIn an era when women were expected to be brainless and ornamental, Jane (through the words of Charlotte Bronte) refused to bow to those expectations"}}, {"model": "auth.permission", "pk": 1, "fields": {"name": "Can add log entry", "content_type": 1, "codename": "add_logentry"}}, {"model": "auth.permission", "pk": 2, "fields": {"name": "Can change log entry", "content_type": 1, "codename": "change_logentry"}}, {"model": "auth.permission", "pk": 3, "fields": {"name": "Can delete log entry", "content_type": 1, "codename": "delete_logentry"}}, {"model": "auth.permission", "pk": 4, "fields": {"name": "Can view log entry", "content_type": 1, "codename": "view_logentry"}}, {"model": "auth.permission", "pk": 5, "fields": {"name": "Can add permission", "content_type": 2, "codename": "add_permission"}}, {"model": "auth.permission", "pk": 6, "fields": {"name": "Can change permission", "content_type": 2, "codename": "change_permission"}}, {"model": "auth.permission", "pk": 7, "fields": {"name": "Can delete permission", "content_type": 2, "codename": "delete_permission"}}, {"model": "auth.permission", "pk": 8, "fields": {"name": "Can view permission", "content_type": 2, "codename": "view_permission"}}, {"model": "auth.permission", "pk": 9, "fields": {"name": "Can add group", "content_type": 3, "codename": "add_group"}}, {"model": "auth.permission", "pk": 10, "fields": {"name": "Can change group", "content_type": 3, "codename": "change_group"}}, {"model": "auth.permission", "pk": 11, "fields": {"name": "Can delete group", "content_type": 3, "codename": "delete_group"}}, {"model": "auth.permission", "pk": 12, "fields": {"name": "Can view group", "content_type": 3, "codename": "view_group"}}, {"model": "auth.permission", "pk": 13, "fields": {"name": "Can add user", "content_type": 4, "codename": "add_user"}}, {"model": "auth.permission", "pk": 14, "fields": {"name": "Can change user", "content_type": 4, "codename": "change_user"}}, {"model": "auth.permission", "pk": 15, "fields": {"name": "Can delete user", "content_type": 4, "codename": "delete_user"}}, {"model": "auth.permission", "pk": 16, "fields": {"name": "Can view user", "content_type": 4, "codename": "view_user"}}, {"model": "auth.permission", "pk": 17, "fields": {"name": "Can add content type", "content_type": 5, "codename": "add_contenttype"}}, {"model": "auth.permission", "pk": 18, "fields": {"name": "Can change content type", "content_type": 5, "codename": "change_contenttype"}}, {"model": "auth.permission", "pk": 19, "fields": {"name": "Can delete content type", "content_type": 5, "codename": "delete_contenttype"}}, {"model": "auth.permission", "pk": 20, "fields": {"name": "Can view content type", "content_type": 5, "codename": "view_contenttype"}}, {"model": "auth.permission", "pk": 21, "fields": {"name": "Can add session", "content_type": 6, "codename": "add_session"}}, {"model": "auth.permission", "pk": 22, "fields": {"name": "Can change session", "content_type": 6, "codename": "change_session"}}, {"model": "auth.permission", "pk": 23, "fields": {"name": "Can delete session", "content_type": 6, "codename": "delete_session"}}, {"model": "auth.permission", "pk": 24, "fields": {"name": "Can view session", "content_type": 6, "codename": "view_session"}}, {"model": "auth.permission", "pk": 25, "fields": {"name": "Can add author", "content_type": 7, "codename": "add_author"}}, {"model": "auth.permission", "pk": 26, "fields": {"name": "Can change author", "content_type": 7, "codename": "change_author"}}, {"model": "auth.permission", "pk": 27, "fields": {"name": "Can delete author", "content_type": 7, "codename": "delete_author"}}, {"model": "auth.permission", "pk": 28, "fields": {"name": "Can view author", "content_type": 7, "codename": "view_author"}}, {"model": "auth.permission", "pk": 29, "fields": {"name": "Can add book", "content_type": 8, "codename": "add_book"}}, {"model": "auth.permission", "pk": 30, "fields": {"name": "Can change book", "content_type": 8, "codename": "change_book"}}, {"model": "auth.permission", "pk": 31, "fields": {"name": "Can delete book", "content_type": 8, "codename": "delete_book"}}, {"model": "auth.permission", "pk": 32, "fields": {"name": "Can view book", "content_type": 8, "codename": "view_book"}}, {"model": "auth.permission", "pk": 33, "fields": {"name": "Can add publisher", "content_type": 9, "codename": "add_publisher"}}, {"model": "auth.permission", "pk": 34, "fields": {"name": "Can change publisher", "content_type": 9, "codename": "change_publisher"}}, {"model": "auth.permission", "pk": 35, "fields": {"name": "Can delete publisher", "content_type": 9, "codename": "delete_publisher"}}, {"model": "auth.permission", "pk": 36, "fields": {"name": "Can view publisher", "content_type": 9, "codename": "view_publisher"}}, {"model": "auth.permission", "pk": 37, "fields": {"name": "Can add store", "content_type": 10, "codename": "add_store"}}, {"model": "auth.permission", "pk": 38, "fields": {"name": "Can change store", "content_type": 10, "codename": "change_store"}}, {"model": "auth.permission", "pk": 39, "fields": {"name": "Can delete store", "content_type": 10, "codename": "delete_store"}}, {"model": "auth.permission", "pk": 40, "fields": {"name": "Can view store", "content_type": 10, "codename": "view_store"}}, {"model": "auth.permission", "pk": 41, "fields": {"name": "Can add review", "content_type": 11, "codename": "add_review"}}, {"model": "auth.permission", "pk": 42, "fields": {"name": "Can change review", "content_type": 11, "codename": "change_review"}}, {"model": "auth.permission", "pk": 43, "fields": {"name": "Can delete review", "content_type": 11, "codename": "delete_review"}}, {"model": "auth.permission", "pk": 44, "fields": {"name": "Can view review", "content_type": 11, "codename": "view_review"}}, {"model": "auth.permission", "pk": 45, "fields": {"name": "Can add format", "content_type": 12, "codename": "add_format"}}, {"model": "auth.permission", "pk": 46, "fields": {"name": "Can change format", "content_type": 12, "codename": "change_format"}}, {"model": "auth.permission", "pk": 47, "fields": {"name": "Can delete format", "content_type": 12, "codename": "delete_format"}}, {"model": "auth.permission", "pk": 48, "fields": {"name": "Can view format", "content_type": 12, "codename": "view_format"}}, {"model": "auth.user", "pk": 1, "fields": {"password": "pbkdf2_sha256$150000$p0K7GVeGi34s$a4X5TE9k/ajjcVju+KGXczpMT8a0tgsAWKd36LoN8Dg=", "last_login": "2019-10-15T18:10:18.533Z", "is_superuser": true, "username": "munanga", "first_name": "", "last_name": "", "email": "", "is_staff": true, "is_active": true, "date_joined": "2019-10-04T21:38:32.158Z", "groups": [], "user_permissions": []}}, {"model": "admin.logentry", "pk": 1, "fields": {"action_time": "2019-10-04T21:46:47.547Z", "user": 1, "content_type": 8, "object_id": "1", "object_repr": "The Happiness Advantage", "action_flag": 1, "change_message": "[{\"added\": {}}]"}}, {"model": "admin.logentry", "pk": 2, "fields": {"action_time": "2019-10-04T21:50:04.729Z", "user": 1, "content_type": 8, "object_id": "2", "object_repr": "Home Work", "action_flag": 1, "change_message": "[{\"added\": {}}]"}}, {"model": "admin.logentry", "pk": 3, "fields": {"action_time": "2019-10-04T21:55:00.838Z", "user": 1, "content_type": 8, "object_id": "3", "object_repr": "Permanent Record", "action_flag": 1, "change_message": "[{\"added\": {}}]"}}, {"model": "admin.logentry", "pk": 4, "fields": {"action_time": "2019-10-04T22:11:48.978Z", "user": 1, "content_type": 8, "object_id": "4", "object_repr": "Narrative of the Life of Frederick Douglass, An Am", "action_flag": 1, "change_message": "[{\"added\": {}}]"}}, {"model": "admin.logentry", "pk": 5, "fields": {"action_time": "2019-10-04T22:15:19.944Z", "user": 1, "content_type": 8, "object_id": "5", "object_repr": "The 5 Love Languages: The Secret to Love That Last", "action_flag": 1, "change_message": "[{\"added\": {}}]"}}, {"model": "admin.logentry", "pk": 6, "fields": {"action_time": "2019-10-04T22:22:08.149Z", "user": 1, "content_type": 11, "object_id": "1", "object_repr": "The Happiness Advantage", "action_flag": 1, "change_message": "[{\"added\": {}}]"}}, {"model": "admin.logentry", "pk": 7, "fields": {"action_time": "2019-10-04T22:22:24.294Z", "user": 1, "content_type": 11, "object_id": "2", "object_repr": "The Happiness Advantage", "action_flag": 1, "change_message": "[{\"added\": {}}]"}}, {"model": "admin.logentry", "pk": 8, "fields": {"action_time": "2019-10-04T22:22:36.691Z", "user": 1, "content_type": 11, "object_id": "3", "object_repr": "The Happiness Advantage", "action_flag": 1, "change_message": "[{\"added\": {}}]"}}, {"model": "admin.logentry", "pk": 9, "fields": {"action_time": "2019-10-04T22:28:21.372Z", "user": 1, "content_type": 11, "object_id": "4", "object_repr": "Home Work", "action_flag": 1, "change_message": "[{\"added\": {}}]"}}, {"model": "admin.logentry", "pk": 10, "fields": {"action_time": "2019-10-04T22:28:30.234Z", "user": 1, "content_type": 11, "object_id": "5", "object_repr": "Home Work", "action_flag": 1, "change_message": "[{\"added\": {}}]"}}, {"model": "admin.logentry", "pk": 11, "fields": {"action_time": "2019-10-04T22:28:44.953Z", "user": 1, "content_type": 11, "object_id": "6", "object_repr": "Home Work", "action_flag": 1, "change_message": "[{\"added\": {}}]"}}, {"model": "admin.logentry", "pk": 12, "fields": {"action_time": "2019-10-04T22:29:11.358Z", "user": 1, "content_type": 11, "object_id": "7", "object_repr": "Permanent Record", "action_flag": 1, "change_message": "[{\"added\": {}}]"}}, {"model": "admin.logentry", "pk": 13, "fields": {"action_time": "2019-10-04T22:29:23.638Z", "user": 1, "content_type": 11, "object_id": "7", "object_repr": "Permanent Record", "action_flag": 2, "change_message": "[{\"changed\": {\"fields\": [\"content\"]}}]"}}, {"model": "admin.logentry", "pk": 14, "fields": {"action_time": "2019-10-04T22:29:45.661Z", "user": 1, "content_type": 11, "object_id": "8", "object_repr": "Permanent Record", "action_flag": 1, "change_message": "[{\"added\": {}}]"}}, {"model": "admin.logentry", "pk": 15, "fields": {"action_time": "2019-10-04T22:30:05.777Z", "user": 1, "content_type": 11, "object_id": "9", "object_repr": "Permanent Record", "action_flag": 1, "change_message": "[{\"added\": {}}]"}}, {"model": "admin.logentry", "pk": 16, "fields": {"action_time": "2019-10-04T22:30:28.528Z", "user": 1, "content_type": 11, "object_id": "10", "object_repr": "Narrative of the Life of Frederick Douglass, An Am", "action_flag": 1, "change_message": "[{\"added\": {}}]"}}, {"model": "admin.logentry", "pk": 17, "fields": {"action_time": "2019-10-04T22:30:52.427Z", "user": 1, "content_type": 11, "object_id": "11", "object_repr": "Narrative of the Life of Frederick Douglass, An Am", "action_flag": 1, "change_message": "[{\"added\": {}}]"}}, {"model": "admin.logentry", "pk": 18, "fields": {"action_time": "2019-10-04T22:32:24.647Z", "user": 1, "content_type": 11, "object_id": "12", "object_repr": "Narrative of the Life of Frederick Douglass, An Am", "action_flag": 1, "change_message": "[{\"added\": {}}]"}}, {"model": "admin.logentry", "pk": 19, "fields": {"action_time": "2019-10-04T22:32:48.306Z", "user": 1, "content_type": 11, "object_id": "13", "object_repr": "The 5 Love Languages: The Secret to Love That Last", "action_flag": 1, "change_message": "[{\"added\": {}}]"}}, {"model": "admin.logentry", "pk": 20, "fields": {"action_time": "2019-10-04T22:33:01.392Z", "user": 1, "content_type": 11, "object_id": "14", "object_repr": "The 5 Love Languages: The Secret to Love That Last", "action_flag": 1, "change_message": "[{\"added\": {}}]"}}, {"model": "admin.logentry", "pk": 21, "fields": {"action_time": "2019-10-04T22:33:46.513Z", "user": 1, "content_type": 11, "object_id": "15", "object_repr": "The 5 Love Languages: The Secret to Love That Last", "action_flag": 1, "change_message": "[{\"added\": {}}]"}}, {"model": "admin.logentry", "pk": 22, "fields": {"action_time": "2019-10-04T23:29:25.178Z", "user": 1, "content_type": 7, "object_id": "1", "object_repr": "Shown", "action_flag": 2, "change_message": "[{\"changed\": {\"fields\": [\"image\", \"first_name\", \"last_name\"]}}]"}}, {"model": "admin.logentry", "pk": 23, "fields": {"action_time": "2019-10-04T23:29:41.661Z", "user": 1, "content_type": 7, "object_id": "5", "object_repr": "Gary", "action_flag": 2, "change_message": "[{\"changed\": {\"fields\": [\"image\"]}}]"}}, {"model": "admin.logentry", "pk": 24, "fields": {"action_time": "2019-10-04T23:29:53.627Z", "user": 1, "content_type": 7, "object_id": "4", "object_repr": "Frederick", "action_flag": 2, "change_message": "[{\"changed\": {\"fields\": [\"image\", \"first_name\"]}}]"}}, {"model": "admin.logentry", "pk": 25, "fields": {"action_time": "2019-10-04T23:30:04.756Z", "user": 1, "content_type": 7, "object_id": "3", "object_repr": "Edward", "action_flag": 2, "change_message": "[{\"changed\": {\"fields\": [\"image\", \"first_name\"]}}]"}}, {"model": "admin.logentry", "pk": 26, "fields": {"action_time": "2019-10-04T23:30:16.883Z", "user": 1, "content_type": 7, "object_id": "2", "object_repr": "Julie", "action_flag": 2, "change_message": "[{\"changed\": {\"fields\": [\"image\", \"first_name\"]}}]"}}, {"model": "admin.logentry", "pk": 27, "fields": {"action_time": "2019-10-04T23:30:39.602Z", "user": 1, "content_type": 8, "object_id": "5", "object_repr": "The 5 Love Languages: The Secret to Love That Last", "action_flag": 2, "change_message": "[{\"changed\": {\"fields\": [\"image\"]}}]"}}, {"model": "admin.logentry", "pk": 28, "fields": {"action_time": "2019-10-04T23:30:55.402Z", "user": 1, "content_type": 8, "object_id": "4", "object_repr": "Narrative of the Life of Frederick Douglass, An Am", "action_flag": 2, "change_message": "[{\"changed\": {\"fields\": [\"image\"]}}]"}}, {"model": "admin.logentry", "pk": 29, "fields": {"action_time": "2019-10-04T23:31:06.262Z", "user": 1, "content_type": 8, "object_id": "3", "object_repr": "Permanent Record", "action_flag": 2, "change_message": "[{\"changed\": {\"fields\": [\"image\"]}}]"}}, {"model": "admin.logentry", "pk": 30, "fields": {"action_time": "2019-10-04T23:31:17.786Z", "user": 1, "content_type": 8, "object_id": "2", "object_repr": "Home Work", "action_flag": 2, "change_message": "[{\"changed\": {\"fields\": [\"image\"]}}]"}}, {"model": "admin.logentry", "pk": 31, "fields": {"action_time": "2019-10-04T23:31:28.182Z", "user": 1, "content_type": 8, "object_id": "1", "object_repr": "The Happiness Advantage", "action_flag": 2, "change_message": "[{\"changed\": {\"fields\": [\"image\"]}}]"}}, {"model": "admin.logentry", "pk": 32, "fields": {"action_time": "2019-10-05T17:46:44.360Z", "user": 1, "content_type": 12, "object_id": "1", "object_repr": "HardCover", "action_flag": 1, "change_message": "[{\"added\": {}}]"}}, {"model": "admin.logentry", "pk": 33, "fields": {"action_time": "2019-10-05T17:47:11.886Z", "user": 1, "content_type": 12, "object_id": "1", "object_repr": "Hardcover", "action_flag": 2, "change_message": "[{\"changed\": {\"fields\": [\"format_type\"]}}]"}}, {"model": "admin.logentry", "pk": 34, "fields": {"action_time": "2019-10-05T17:47:19.883Z", "user": 1, "content_type": 12, "object_id": "2", "object_repr": "Paperback", "action_flag": 1, "change_message": "[{\"added\": {}}]"}}, {"model": "admin.logentry", "pk": 35, "fields": {"action_time": "2019-10-05T17:47:59.313Z", "user": 1, "content_type": 12, "object_id": "2", "object_repr": "Paperback", "action_flag": 3, "change_message": ""}}, {"model": "admin.logentry", "pk": 36, "fields": {"action_time": "2019-10-05T17:47:59.316Z", "user": 1, "content_type": 12, "object_id": "1", "object_repr": "Hardcover", "action_flag": 3, "change_message": ""}}, {"model": "admin.logentry", "pk": 37, "fields": {"action_time": "2019-10-05T17:49:52.157Z", "user": 1, "content_type": 12, "object_id": "3", "object_repr": "HardCover", "action_flag": 1, "change_message": "[{\"added\": {}}]"}}, {"model": "admin.logentry", "pk": 38, "fields": {"action_time": "2019-10-05T17:50:09.817Z", "user": 1, "content_type": 12, "object_id": "4", "object_repr": "Paperback", "action_flag": 1, "change_message": "[{\"added\": {}}]"}}, {"model": "admin.logentry", "pk": 39, "fields": {"action_time": "2019-10-05T17:50:29.940Z", "user": 1, "content_type": 12, "object_id": "5", "object_repr": "Kindle", "action_flag": 1, "change_message": "[{\"added\": {}}]"}}, {"model": "admin.logentry", "pk": 40, "fields": {"action_time": "2019-10-05T17:50:45.274Z", "user": 1, "content_type": 12, "object_id": "6", "object_repr": "Audio CD", "action_flag": 1, "change_message": "[{\"added\": {}}]"}}, {"model": "admin.logentry", "pk": 41, "fields": {"action_time": "2019-10-05T17:52:01.294Z", "user": 1, "content_type": 12, "object_id": "7", "object_repr": "HardCover", "action_flag": 1, "change_message": "[{\"added\": {}}]"}}, {"model": "admin.logentry", "pk": 42, "fields": {"action_time": "2019-10-05T17:52:25.817Z", "user": 1, "content_type": 12, "object_id": "8", "object_repr": "Kindle", "action_flag": 1, "change_message": "[{\"added\": {}}]"}}, {"model": "admin.logentry", "pk": 43, "fields": {"action_time": "2019-10-05T17:52:41.802Z", "user": 1, "content_type": 12, "object_id": "9", "object_repr": "Audio CD", "action_flag": 1, "change_message": "[{\"added\": {}}]"}}, {"model": "admin.logentry", "pk": 44, "fields": {"action_time": "2019-10-05T17:53:49.345Z", "user": 1, "content_type": 12, "object_id": "10", "object_repr": "HardCover", "action_flag": 1, "change_message": "[{\"added\": {}}]"}}, {"model": "admin.logentry", "pk": 45, "fields": {"action_time": "2019-10-05T17:54:07.514Z", "user": 1, "content_type": 12, "object_id": "11", "object_repr": "Kindle", "action_flag": 1, "change_message": "[{\"added\": {}}]"}}, {"model": "admin.logentry", "pk": 46, "fields": {"action_time": "2019-10-05T17:54:26.437Z", "user": 1, "content_type": 12, "object_id": "12", "object_repr": "Audio CD", "action_flag": 1, "change_message": "[{\"added\": {}}]"}}, {"model": "admin.logentry", "pk": 47, "fields": {"action_time": "2019-10-05T17:54:51.923Z", "user": 1, "content_type": 12, "object_id": "13", "object_repr": "Paperback", "action_flag": 1, "change_message": "[{\"added\": {}}]"}}, {"model": "admin.logentry", "pk": 48, "fields": {"action_time": "2019-10-05T17:55:08.545Z", "user": 1, "content_type": 12, "object_id": "14", "object_repr": "Hardcover", "action_flag": 1, "change_message": "[{\"added\": {}}]"}}, {"model": "admin.logentry", "pk": 49, "fields": {"action_time": "2019-10-05T17:55:23.016Z", "user": 1, "content_type": 12, "object_id": "15", "object_repr": "Kindle", "action_flag": 1, "change_message": "[{\"added\": {}}]"}}, {"model": "admin.logentry", "pk": 50, "fields": {"action_time": "2019-10-05T17:55:41.743Z", "user": 1, "content_type": 12, "object_id": "16", "object_repr": "Audio CD", "action_flag": 1, "change_message": "[{\"added\": {}}]"}}, {"model": "admin.logentry", "pk": 51, "fields": {"action_time": "2019-10-05T17:56:01.920Z", "user": 1, "content_type": 12, "object_id": "17", "object_repr": "Paperback", "action_flag": 1, "change_message": "[{\"added\": {}}]"}}, {"model": "admin.logentry", "pk": 52, "fields": {"action_time": "2019-10-05T17:56:17.046Z", "user": 1, "content_type": 12, "object_id": "18", "object_repr": "Kindle", "action_flag": 1, "change_message": "[{\"added\": {}}]"}}, {"model": "admin.logentry", "pk": 53, "fields": {"action_time": "2019-10-05T17:56:29.335Z", "user": 1, "content_type": 12, "object_id": "19", "object_repr": "Audio CD", "action_flag": 1, "change_message": "[{\"added\": {}}]"}}, {"model": "admin.logentry", "pk": 54, "fields": {"action_time": "2019-10-06T22:35:01.964Z", "user": 1, "content_type": 8, "object_id": "5", "object_repr": "The 5 Love Languages: The Secret to Love That Last", "action_flag": 2, "change_message": "[{\"changed\": {\"fields\": [\"image\"]}}]"}}, {"model": "admin.logentry", "pk": 55, "fields": {"action_time": "2019-10-06T22:35:15.403Z", "user": 1, "content_type": 8, "object_id": "4", "object_repr": "Narrative of the Life of Frederick Douglass, An Am", "action_flag": 2, "change_message": "[{\"changed\": {\"fields\": [\"image\"]}}]"}}, {"model": "admin.logentry", "pk": 56, "fields": {"action_time": "2019-10-06T22:35:24.381Z", "user": 1, "content_type": 8, "object_id": "3", "object_repr": "Permanent Record", "action_flag": 2, "change_message": "[{\"changed\": {\"fields\": [\"image\"]}}]"}}, {"model": "admin.logentry", "pk": 57, "fields": {"action_time": "2019-10-06T22:35:31.810Z", "user": 1, "content_type": 8, "object_id": "2", "object_repr": "Home Work", "action_flag": 2, "change_message": "[{\"changed\": {\"fields\": [\"image\"]}}]"}}, {"model": "admin.logentry", "pk": 58, "fields": {"action_time": "2019-10-06T22:35:38.603Z", "user": 1, "content_type": 8, "object_id": "1", "object_repr": "The Happiness Advantage", "action_flag": 2, "change_message": "[{\"changed\": {\"fields\": [\"image\"]}}]"}}, {"model": "admin.logentry", "pk": 59, "fields": {"action_time": "2019-10-07T20:51:11.120Z", "user": 1, "content_type": 8, "object_id": "4", "object_repr": "Narrative of the Life of Frederick Douglass, An American Slave", "action_flag": 2, "change_message": "[{\"changed\": {\"fields\": [\"title\"]}}]"}}, {"model": "admin.logentry", "pk": 60, "fields": {"action_time": "2019-10-07T20:57:09.360Z", "user": 1, "content_type": 8, "object_id": "5", "object_repr": "The 5 Love Languages: The Secret to Love That Last", "action_flag": 2, "change_message": "[{\"changed\": {\"fields\": [\"store\"]}}]"}}, {"model": "admin.logentry", "pk": 61, "fields": {"action_time": "2019-10-07T20:57:48.658Z", "user": 1, "content_type": 8, "object_id": "4", "object_repr": "Narrative of the Life of Frederick Douglass, An American Slave", "action_flag": 2, "change_message": "[{\"changed\": {\"fields\": [\"store\"]}}]"}}, {"model": "admin.logentry", "pk": 62, "fields": {"action_time": "2019-10-07T20:57:53.720Z", "user": 1, "content_type": 8, "object_id": "1", "object_repr": "The Happiness Advantage", "action_flag": 2, "change_message": "[]"}}, {"model": "admin.logentry", "pk": 63, "fields": {"action_time": "2019-10-07T20:57:58.113Z", "user": 1, "content_type": 8, "object_id": "2", "object_repr": "Home Work", "action_flag": 2, "change_message": "[{\"changed\": {\"fields\": [\"store\"]}}]"}}, {"model": "admin.logentry", "pk": 64, "fields": {"action_time": "2019-10-07T20:58:05.053Z", "user": 1, "content_type": 8, "object_id": "3", "object_repr": "Permanent Record", "action_flag": 2, "change_message": "[{\"changed\": {\"fields\": [\"store\"]}}]"}}, {"model": "admin.logentry", "pk": 65, "fields": {"action_time": "2019-10-07T20:58:09.283Z", "user": 1, "content_type": 8, "object_id": "5", "object_repr": "The 5 Love Languages: The Secret to Love That Last", "action_flag": 2, "change_message": "[{\"changed\": {\"fields\": [\"store\"]}}]"}}, {"model": "admin.logentry", "pk": 66, "fields": {"action_time": "2019-10-08T20:34:52.472Z", "user": 1, "content_type": 11, "object_id": "15", "object_repr": "The 5 Love Languages: The Secret to Love That Last", "action_flag": 2, "change_message": "[{\"changed\": {\"fields\": [\"content\"]}}]"}}, {"model": "admin.logentry", "pk": 67, "fields": {"action_time": "2019-10-08T20:46:06.923Z", "user": 1, "content_type": 11, "object_id": "15", "object_repr": "The 5 Love Languages: The Secret to Love That Last", "action_flag": 2, "change_message": "[{\"changed\": {\"fields\": [\"date\"]}}]"}}, {"model": "admin.logentry", "pk": 68, "fields": {"action_time": "2019-10-08T20:46:36.553Z", "user": 1, "content_type": 11, "object_id": "15", "object_repr": "The 5 Love Languages: The Secret to Love That Last", "action_flag": 2, "change_message": "[{\"changed\": {\"fields\": [\"date\"]}}]"}}, {"model": "admin.logentry", "pk": 69, "fields": {"action_time": "2019-10-08T20:46:43.981Z", "user": 1, "content_type": 11, "object_id": "14", "object_repr": "The 5 Love Languages: The Secret to Love That Last", "action_flag": 2, "change_message": "[{\"changed\": {\"fields\": [\"date\"]}}]"}}, {"model": "admin.logentry", "pk": 70, "fields": {"action_time": "2019-10-08T20:47:02.443Z", "user": 1, "content_type": 11, "object_id": "13", "object_repr": "The 5 Love Languages: The Secret to Love That Last", "action_flag": 2, "change_message": "[{\"changed\": {\"fields\": [\"date\"]}}]"}}, {"model": "admin.logentry", "pk": 71, "fields": {"action_time": "2019-10-08T20:47:29.408Z", "user": 1, "content_type": 11, "object_id": "12", "object_repr": "Narrative of the Life of Frederick Douglass, An American Slave", "action_flag": 2, "change_message": "[{\"changed\": {\"fields\": [\"date\"]}}]"}}, {"model": "admin.logentry", "pk": 72, "fields": {"action_time": "2019-10-08T20:47:45.076Z", "user": 1, "content_type": 11, "object_id": "11", "object_repr": "Narrative of the Life of Frederick Douglass, An American Slave", "action_flag": 2, "change_message": "[{\"changed\": {\"fields\": [\"date\"]}}]"}}, {"model": "admin.logentry", "pk": 73, "fields": {"action_time": "2019-10-08T20:48:07.217Z", "user": 1, "content_type": 11, "object_id": "10", "object_repr": "Narrative of the Life of Frederick Douglass, An American Slave", "action_flag": 2, "change_message": "[{\"changed\": {\"fields\": [\"date\"]}}]"}}, {"model": "admin.logentry", "pk": 74, "fields": {"action_time": "2019-10-08T20:50:04.120Z", "user": 1, "content_type": 11, "object_id": "9", "object_repr": "Permanent Record", "action_flag": 2, "change_message": "[{\"changed\": {\"fields\": [\"date\"]}}]"}}, {"model": "admin.logentry", "pk": 75, "fields": {"action_time": "2019-10-08T20:50:19.083Z", "user": 1, "content_type": 11, "object_id": "8", "object_repr": "Permanent Record", "action_flag": 2, "change_message": "[{\"changed\": {\"fields\": [\"date\"]}}]"}}, {"model": "admin.logentry", "pk": 76, "fields": {"action_time": "2019-10-08T20:50:31.614Z", "user": 1, "content_type": 11, "object_id": "7", "object_repr": "Permanent Record", "action_flag": 2, "change_message": "[{\"changed\": {\"fields\": [\"date\"]}}]"}}, {"model": "admin.logentry", "pk": 77, "fields": {"action_time": "2019-10-08T20:51:21.451Z", "user": 1, "content_type": 11, "object_id": "6", "object_repr": "Home Work", "action_flag": 2, "change_message": "[{\"changed\": {\"fields\": [\"date\"]}}]"}}, {"model": "admin.logentry", "pk": 78, "fields": {"action_time": "2019-10-08T20:51:36.554Z", "user": 1, "content_type": 11, "object_id": "5", "object_repr": "Home Work", "action_flag": 2, "change_message": "[{\"changed\": {\"fields\": [\"date\"]}}]"}}, {"model": "admin.logentry", "pk": 79, "fields": {"action_time": "2019-10-08T20:51:53.388Z", "user": 1, "content_type": 11, "object_id": "4", "object_repr": "Home Work", "action_flag": 2, "change_message": "[{\"changed\": {\"fields\": [\"date\"]}}]"}}, {"model": "admin.logentry", "pk": 80, "fields": {"action_time": "2019-10-08T20:52:30.316Z", "user": 1, "content_type": 11, "object_id": "3", "object_repr": "The Happiness Advantage", "action_flag": 2, "change_message": "[{\"changed\": {\"fields\": [\"date\"]}}]"}}, {"model": "admin.logentry", "pk": 81, "fields": {"action_time": "2019-10-08T20:52:41.140Z", "user": 1, "content_type": 11, "object_id": "2", "object_repr": "The Happiness Advantage", "action_flag": 2, "change_message": "[{\"changed\": {\"fields\": [\"date\"]}}]"}}, {"model": "admin.logentry", "pk": 82, "fields": {"action_time": "2019-10-08T20:52:59.214Z", "user": 1, "content_type": 11, "object_id": "1", "object_repr": "The Happiness Advantage", "action_flag": 2, "change_message": "[{\"changed\": {\"fields\": [\"date\"]}}]"}}, {"model": "admin.logentry", "pk": 83, "fields": {"action_time": "2019-10-08T21:19:22.809Z", "user": 1, "content_type": 9, "object_id": "6", "object_repr": "Chicken Soup for the Soul", "action_flag": 1, "change_message": "[{\"added\": {}}]"}}, {"model": "admin.logentry", "pk": 84, "fields": {"action_time": "2019-10-08T21:33:58.967Z", "user": 1, "content_type": 8, "object_id": "6", "object_repr": "dfdf", "action_flag": 1, "change_message": "[{\"added\": {}}]"}}, {"model": "admin.logentry", "pk": 85, "fields": {"action_time": "2019-10-08T21:34:06.264Z", "user": 1, "content_type": 8, "object_id": "6", "object_repr": "dfdf", "action_flag": 3, "change_message": ""}}, {"model": "admin.logentry", "pk": 86, "fields": {"action_time": "2019-10-08T21:37:37.876Z", "user": 1, "content_type": 8, "object_id": "7", "object_repr": "Think Positive, Live Happy", "action_flag": 1, "change_message": "[{\"added\": {}}]"}}, {"model": "admin.logentry", "pk": 87, "fields": {"action_time": "2019-10-08T21:38:33.077Z", "user": 1, "content_type": 8, "object_id": "7", "object_repr": "Think Positive, Live Happy", "action_flag": 2, "change_message": "[{\"changed\": {\"fields\": [\"image\"]}}]"}}, {"model": "admin.logentry", "pk": 88, "fields": {"action_time": "2019-10-08T21:39:02.338Z", "user": 1, "content_type": 8, "object_id": "7", "object_repr": "Think Positive, Live Happy", "action_flag": 2, "change_message": "[{\"changed\": {\"fields\": [\"image\"]}}]"}}, {"model": "admin.logentry", "pk": 89, "fields": {"action_time": "2019-10-08T21:40:35.752Z", "user": 1, "content_type": 8, "object_id": "7", "object_repr": "Think Positive, Live Happy", "action_flag": 2, "change_message": "[{\"changed\": {\"fields\": [\"image\"]}}]"}}, {"model": "admin.logentry", "pk": 90, "fields": {"action_time": "2019-10-09T17:34:29.942Z", "user": 1, "content_type": 7, "object_id": "6", "object_repr": "Amy Newmark", "action_flag": 2, "change_message": "[{\"changed\": {\"fields\": [\"about\"]}}]"}}, {"model": "admin.logentry", "pk": 91, "fields": {"action_time": "2019-10-09T17:35:41.190Z", "user": 1, "content_type": 7, "object_id": "1", "object_repr": "Shown Achor", "action_flag": 2, "change_message": "[{\"changed\": {\"fields\": [\"about\"]}}]"}}, {"model": "admin.logentry", "pk": 92, "fields": {"action_time": "2019-10-09T17:36:13.977Z", "user": 1, "content_type": 7, "object_id": "5", "object_repr": "Gary Chapman", "action_flag": 2, "change_message": "[{\"changed\": {\"fields\": [\"about\"]}}]"}}, {"model": "admin.logentry", "pk": 93, "fields": {"action_time": "2019-10-09T17:38:07.448Z", "user": 1, "content_type": 7, "object_id": "4", "object_repr": "Frederick Douglass", "action_flag": 2, "change_message": "[{\"changed\": {\"fields\": [\"about\"]}}]"}}, {"model": "admin.logentry", "pk": 94, "fields": {"action_time": "2019-10-09T17:38:42.690Z", "user": 1, "content_type": 7, "object_id": "3", "object_repr": "Edward Snowden", "action_flag": 2, "change_message": "[{\"changed\": {\"fields\": [\"about\"]}}]"}}, {"model": "admin.logentry", "pk": 95, "fields": {"action_time": "2019-10-09T17:39:18.887Z", "user": 1, "content_type": 7, "object_id": "2", "object_repr": "Julie Andrews", "action_flag": 2, "change_message": "[{\"changed\": {\"fields\": [\"about\"]}}]"}}, {"model": "admin.logentry", "pk": 96, "fields": {"action_time": "2019-10-09T17:41:17.953Z", "user": 1, "content_type": 7, "object_id": "6", "object_repr": "Amy Newmark", "action_flag": 2, "change_message": "[{\"changed\": {\"fields\": [\"image\"]}}]"}}, {"model": "admin.logentry", "pk": 97, "fields": {"action_time": "2019-10-09T17:41:22.315Z", "user": 1, "content_type": 7, "object_id": "5", "object_repr": "Gary Chapman", "action_flag": 2, "change_message": "[{\"changed\": {\"fields\": [\"image\"]}}]"}}, {"model": "admin.logentry", "pk": 98, "fields": {"action_time": "2019-10-09T17:41:26.862Z", "user": 1, "content_type": 7, "object_id": "4", "object_repr": "Frederick Douglass", "action_flag": 2, "change_message": "[{\"changed\": {\"fields\": [\"image\"]}}]"}}, {"model": "admin.logentry", "pk": 99, "fields": {"action_time": "2019-10-09T17:41:35.618Z", "user": 1, "content_type": 7, "object_id": "3", "object_repr": "Edward Snowden", "action_flag": 2, "change_message": "[{\"changed\": {\"fields\": [\"image\"]}}]"}}, {"model": "admin.logentry", "pk": 100, "fields": {"action_time": "2019-10-09T17:41:40.597Z", "user": 1, "content_type": 7, "object_id": "2", "object_repr": "Julie Andrews", "action_flag": 2, "change_message": "[{\"changed\": {\"fields\": [\"image\"]}}]"}}, {"model": "admin.logentry", "pk": 101, "fields": {"action_time": "2019-10-09T17:41:45.053Z", "user": 1, "content_type": 7, "object_id": "1", "object_repr": "Shown Achor", "action_flag": 2, "change_message": "[{\"changed\": {\"fields\": [\"image\"]}}]"}}, {"model": "admin.logentry", "pk": 102, "fields": {"action_time": "2019-10-09T17:47:45.752Z", "user": 1, "content_type": 7, "object_id": "3", "object_repr": "Edward Snowden", "action_flag": 2, "change_message": "[{\"changed\": {\"fields\": [\"image\"]}}]"}}, {"model": "admin.logentry", "pk": 103, "fields": {"action_time": "2019-10-09T17:49:06.414Z", "user": 1, "content_type": 7, "object_id": "6", "object_repr": "Amy Newmark", "action_flag": 2, "change_message": "[{\"changed\": {\"fields\": [\"image\"]}}]"}}, {"model": "admin.logentry", "pk": 104, "fields": {"action_time": "2019-10-09T17:49:11.539Z", "user": 1, "content_type": 7, "object_id": "5", "object_repr": "Gary Chapman", "action_flag": 2, "change_message": "[{\"changed\": {\"fields\": [\"image\"]}}]"}}, {"model": "admin.logentry", "pk": 105, "fields": {"action_time": "2019-10-09T17:49:16.749Z", "user": 1, "content_type": 7, "object_id": "4", "object_repr": "Frederick Douglass", "action_flag": 2, "change_message": "[{\"changed\": {\"fields\": [\"image\"]}}]"}}, {"model": "admin.logentry", "pk": 106, "fields": {"action_time": "2019-10-09T17:49:22.109Z", "user": 1, "content_type": 7, "object_id": "2", "object_repr": "Julie Andrews", "action_flag": 2, "change_message": "[{\"changed\": {\"fields\": [\"image\"]}}]"}}, {"model": "admin.logentry", "pk": 107, "fields": {"action_time": "2019-10-09T17:49:27.015Z", "user": 1, "content_type": 7, "object_id": "1", "object_repr": "Shown Achor", "action_flag": 2, "change_message": "[{\"changed\": {\"fields\": [\"image\"]}}]"}}, {"model": "admin.logentry", "pk": 108, "fields": {"action_time": "2019-10-15T20:50:48.578Z", "user": 1, "content_type": 10, "object_id": "3", "object_repr": "Barbara\u2019s Bookstore", "action_flag": 3, "change_message": ""}}, {"model": "admin.logentry", "pk": 109, "fields": {"action_time": "2019-10-15T20:50:48.598Z", "user": 1, "content_type": 10, "object_id": "2", "object_repr": "Books-a-Million", "action_flag": 3, "change_message": ""}}, {"model": "admin.logentry", "pk": 110, "fields": {"action_time": "2019-10-15T20:50:48.610Z", "user": 1, "content_type": 10, "object_id": "1", "object_repr": "Barnes & Noble", "action_flag": 3, "change_message": ""}}, {"model": "admin.logentry", "pk": 111, "fields": {"action_time": "2019-10-15T21:04:10.436Z", "user": 1, "content_type": 7, "object_id": "6", "object_repr": "Charlotte Bront\u00eb", "action_flag": 1, "change_message": "[{\"added\": {}}]"}}, {"model": "admin.logentry", "pk": 112, "fields": {"action_time": "2019-10-15T21:12:31.900Z", "user": 1, "content_type": 7, "object_id": "6", "object_repr": "Charlotte Bront\u00eb", "action_flag": 3, "change_message": ""}}, {"model": "admin.logentry", "pk": 113, "fields": {"action_time": "2019-10-15T21:13:02.569Z", "user": 1, "content_type": 7, "object_id": "7", "object_repr": "Charlotte Bront\u00eb", "action_flag": 1, "change_message": "[{\"added\": {}}]"}}, {"model": "admin.logentry", "pk": 114, "fields": {"action_time": "2019-10-15T21:13:42.267Z", "user": 1, "content_type": 7, "object_id": "7", "object_repr": "Charlotte Bront\u00eb", "action_flag": 3, "change_message": ""}}, {"model": "admin.logentry", "pk": 115, "fields": {"action_time": "2019-10-15T22:01:51.351Z", "user": 1, "content_type": 7, "object_id": "1", "object_repr": "Charlotte Bront\u00eb", "action_flag": 1, "change_message": "[{\"added\": {}}]"}}, {"model": "admin.logentry", "pk": 116, "fields": {"action_time": "2019-10-15T22:03:52.204Z", "user": 1, "content_type": 10, "object_id": "1", "object_repr": "Barnes and Noble", "action_flag": 1, "change_message": "[{\"added\": {}}]"}}, {"model": "admin.logentry", "pk": 117, "fields": {"action_time": "2019-10-15T22:04:13.020Z", "user": 1, "content_type": 10, "object_id": "2", "object_repr": "Barbara\u2019s Bookstore", "action_flag": 1, "change_message": "[{\"added\": {}}]"}}, {"model": "admin.logentry", "pk": 118, "fields": {"action_time": "2019-10-15T22:04:25.230Z", "user": 1, "content_type": 10, "object_id": "3", "object_repr": "Books-a-Million", "action_flag": 1, "change_message": "[{\"added\": {}}]"}}, {"model": "admin.logentry", "pk": 119, "fields": {"action_time": "2019-10-15T22:05:01.449Z", "user": 1, "content_type": 9, "object_id": "1", "object_repr": "Modern Library", "action_flag": 1, "change_message": "[{\"added\": {}}]"}}, {"model": "admin.logentry", "pk": 120, "fields": {"action_time": "2019-10-15T22:11:48.435Z", "user": 1, "content_type": 8, "object_id": "1", "object_repr": "Villette", "action_flag": 1, "change_message": "[{\"added\": {}}]"}}, {"model": "admin.logentry", "pk": 121, "fields": {"action_time": "2019-10-15T22:12:42.984Z", "user": 1, "content_type": 12, "object_id": "1", "object_repr": "Paperback", "action_flag": 1, "change_message": "[{\"added\": {}}]"}}, {"model": "admin.logentry", "pk": 122, "fields": {"action_time": "2019-10-15T22:12:59.016Z", "user": 1, "content_type": 12, "object_id": "2", "object_repr": "Kindle", "action_flag": 1, "change_message": "[{\"added\": {}}]"}}, {"model": "admin.logentry", "pk": 123, "fields": {"action_time": "2019-10-15T22:18:15.861Z", "user": 1, "content_type": 11, "object_id": "1", "object_repr": "Villette", "action_flag": 1, "change_message": "[{\"added\": {}}]"}}, {"model": "admin.logentry", "pk": 124, "fields": {"action_time": "2019-10-15T22:18:54.188Z", "user": 1, "content_type": 11, "object_id": "2", "object_repr": "Villette", "action_flag": 1, "change_message": "[{\"added\": {}}]"}}, {"model": "admin.logentry", "pk": 125, "fields": {"action_time": "2019-10-15T22:19:33.409Z", "user": 1, "content_type": 11, "object_id": "3", "object_repr": "Villette", "action_flag": 1, "change_message": "[{\"added\": {}}]"}}, {"model": "admin.logentry", "pk": 126, "fields": {"action_time": "2019-10-15T22:20:37.752Z", "user": 1, "content_type": 11, "object_id": "4", "object_repr": "Villette", "action_flag": 1, "change_message": "[{\"added\": {}}]"}}, {"model": "admin.logentry", "pk": 127, "fields": {"action_time": "2019-10-15T22:23:17.013Z", "user": 1, "content_type": 9, "object_id": "2", "object_repr": "North Books", "action_flag": 1, "change_message": "[{\"added\": {}}]"}}, {"model": "admin.logentry", "pk": 128, "fields": {"action_time": "2019-10-15T22:26:26.893Z", "user": 1, "content_type": 8, "object_id": "2", "object_repr": "The Professor", "action_flag": 1, "change_message": "[{\"added\": {}}]"}}, {"model": "admin.logentry", "pk": 129, "fields": {"action_time": "2019-10-15T22:44:02.060Z", "user": 1, "content_type": 8, "object_id": "2", "object_repr": "The Professor", "action_flag": 2, "change_message": "[]"}}, {"model": "admin.logentry", "pk": 130, "fields": {"action_time": "2019-10-15T22:44:11.971Z", "user": 1, "content_type": 7, "object_id": "1", "object_repr": "Charlotte Bront\u00eb", "action_flag": 2, "change_message": "[]"}}, {"model": "admin.logentry", "pk": 131, "fields": {"action_time": "2019-10-15T22:48:00.283Z", "user": 1, "content_type": 8, "object_id": "1", "object_repr": "Villette", "action_flag": 2, "change_message": "[]"}}, {"model": "admin.logentry", "pk": 132, "fields": {"action_time": "2019-10-15T22:48:05.422Z", "user": 1, "content_type": 8, "object_id": "2", "object_repr": "The Professor", "action_flag": 2, "change_message": "[]"}}, {"model": "admin.logentry", "pk": 133, "fields": {"action_time": "2019-10-15T23:56:55.949Z", "user": 1, "content_type": 9, "object_id": "3", "object_repr": "Penguin Classics", "action_flag": 1, "change_message": "[{\"added\": {}}]"}}, {"model": "admin.logentry", "pk": 134, "fields": {"action_time": "2019-10-15T23:58:51.975Z", "user": 1, "content_type": 8, "object_id": "3", "object_repr": "Shirley", "action_flag": 1, "change_message": "[{\"added\": {}}]"}}, {"model": "admin.logentry", "pk": 135, "fields": {"action_time": "2019-10-15T23:59:34.439Z", "user": 1, "content_type": 11, "object_id": "5", "object_repr": "Shirley", "action_flag": 1, "change_message": "[{\"added\": {}}]"}}, {"model": "admin.logentry", "pk": 136, "fields": {"action_time": "2019-10-16T00:00:12.483Z", "user": 1, "content_type": 11, "object_id": "6", "object_repr": "Shirley", "action_flag": 1, "change_message": "[{\"added\": {}}]"}}, {"model": "admin.logentry", "pk": 137, "fields": {"action_time": "2019-10-16T00:01:14.659Z", "user": 1, "content_type": 11, "object_id": "7", "object_repr": "Shirley", "action_flag": 1, "change_message": "[{\"added\": {}}]"}}, {"model": "admin.logentry", "pk": 138, "fields": {"action_time": "2019-10-16T00:02:31.974Z", "user": 1, "content_type": 11, "object_id": "8", "object_repr": "The Professor", "action_flag": 1, "change_message": "[{\"added\": {}}]"}}, {"model": "admin.logentry", "pk": 139, "fields": {"action_time": "2019-10-16T00:03:11.417Z", "user": 1, "content_type": 11, "object_id": "9", "object_repr": "The Professor", "action_flag": 1, "change_message": "[{\"added\": {}}]"}}, {"model": "admin.logentry", "pk": 140, "fields": {"action_time": "2019-10-16T00:04:00.264Z", "user": 1, "content_type": 11, "object_id": "10", "object_repr": "The Professor", "action_flag": 1, "change_message": "[{\"added\": {}}]"}}, {"model": "admin.logentry", "pk": 141, "fields": {"action_time": "2019-10-16T00:04:57.196Z", "user": 1, "content_type": 12, "object_id": "3", "object_repr": "Kindle", "action_flag": 1, "change_message": "[{\"added\": {}}]"}}, {"model": "admin.logentry", "pk": 142, "fields": {"action_time": "2019-10-16T00:05:10.086Z", "user": 1, "content_type": 12, "object_id": "4", "object_repr": "Paperback", "action_flag": 1, "change_message": "[{\"added\": {}}]"}}, {"model": "admin.logentry", "pk": 143, "fields": {"action_time": "2019-10-16T00:05:24.206Z", "user": 1, "content_type": 12, "object_id": "5", "object_repr": "HardCover", "action_flag": 1, "change_message": "[{\"added\": {}}]"}}, {"model": "admin.logentry", "pk": 144, "fields": {"action_time": "2019-10-16T00:05:43.266Z", "user": 1, "content_type": 12, "object_id": "6", "object_repr": "Paperback", "action_flag": 1, "change_message": "[{\"added\": {}}]"}}, {"model": "admin.logentry", "pk": 145, "fields": {"action_time": "2019-10-16T00:05:58.077Z", "user": 1, "content_type": 12, "object_id": "7", "object_repr": "Audio CD", "action_flag": 1, "change_message": "[{\"added\": {}}]"}}, {"model": "admin.logentry", "pk": 146, "fields": {"action_time": "2019-10-16T00:06:11.501Z", "user": 1, "content_type": 12, "object_id": "8", "object_repr": "HardCover", "action_flag": 1, "change_message": "[{\"added\": {}}]"}}, {"model": "admin.logentry", "pk": 147, "fields": {"action_time": "2019-10-16T00:15:14.415Z", "user": 1, "content_type": 7, "object_id": "2", "object_repr": "Grace Livingston Hill", "action_flag": 1, "change_message": "[{\"added\": {}}]"}}, {"model": "admin.logentry", "pk": 148, "fields": {"action_time": "2019-10-16T00:16:33.896Z", "user": 1, "content_type": 9, "object_id": "4", "object_repr": "Tyndale House Publishers", "action_flag": 1, "change_message": "[{\"added\": {}}]"}}, {"model": "admin.logentry", "pk": 149, "fields": {"action_time": "2019-10-16T00:21:16.602Z", "user": 1, "content_type": 8, "object_id": "4", "object_repr": "The Enchanted Barn", "action_flag": 1, "change_message": "[{\"added\": {}}]"}}, {"model": "admin.logentry", "pk": 150, "fields": {"action_time": "2019-10-16T00:24:30.591Z", "user": 1, "content_type": 11, "object_id": "11", "object_repr": "The Enchanted Barn", "action_flag": 1, "change_message": "[{\"added\": {}}]"}}, {"model": "admin.logentry", "pk": 151, "fields": {"action_time": "2019-10-16T00:25:02.507Z", "user": 1, "content_type": 11, "object_id": "12", "object_repr": "The Enchanted Barn", "action_flag": 1, "change_message": "[{\"added\": {}}]"}}, {"model": "admin.logentry", "pk": 152, "fields": {"action_time": "2019-10-16T00:25:39.199Z", "user": 1, "content_type": 11, "object_id": "13", "object_repr": "The Enchanted Barn", "action_flag": 1, "change_message": "[{\"added\": {}}]"}}, {"model": "admin.logentry", "pk": 153, "fields": {"action_time": "2019-10-16T00:26:00.558Z", "user": 1, "content_type": 12, "object_id": "9", "object_repr": "Paperback", "action_flag": 1, "change_message": "[{\"added\": {}}]"}}, {"model": "admin.logentry", "pk": 154, "fields": {"action_time": "2019-10-16T00:26:34.980Z", "user": 1, "content_type": 12, "object_id": "10", "object_repr": "Hardcover", "action_flag": 1, "change_message": "[{\"added\": {}}]"}}, {"model": "admin.logentry", "pk": 155, "fields": {"action_time": "2019-10-16T00:27:14.114Z", "user": 1, "content_type": 8, "object_id": "4", "object_repr": "The Enchanted Barn", "action_flag": 2, "change_message": "[{\"changed\": {\"fields\": [\"image\"]}}]"}}, {"model": "admin.logentry", "pk": 156, "fields": {"action_time": "2019-10-16T00:28:14.254Z", "user": 1, "content_type": 8, "object_id": "4", "object_repr": "The Enchanted Barn", "action_flag": 2, "change_message": "[{\"changed\": {\"fields\": [\"image\"]}}]"}}, {"model": "admin.logentry", "pk": 157, "fields": {"action_time": "2019-10-16T00:35:55.134Z", "user": 1, "content_type": 9, "object_id": "5", "object_repr": "BiblioLife", "action_flag": 1, "change_message": "[{\"added\": {}}]"}}, {"model": "admin.logentry", "pk": 158, "fields": {"action_time": "2019-10-16T00:36:01.238Z", "user": 1, "content_type": 8, "object_id": "5", "object_repr": "The Girl From Montana", "action_flag": 1, "change_message": "[{\"added\": {}}]"}}, {"model": "admin.logentry", "pk": 159, "fields": {"action_time": "2019-10-16T00:37:03.459Z", "user": 1, "content_type": 11, "object_id": "14", "object_repr": "The Girl From Montana", "action_flag": 1, "change_message": "[{\"added\": {}}]"}}, {"model": "admin.logentry", "pk": 160, "fields": {"action_time": "2019-10-16T00:37:42.896Z", "user": 1, "content_type": 11, "object_id": "15", "object_repr": "The Girl From Montana", "action_flag": 1, "change_message": "[{\"added\": {}}]"}}, {"model": "admin.logentry", "pk": 161, "fields": {"action_time": "2019-10-16T00:39:03.811Z", "user": 1, "content_type": 11, "object_id": "16", "object_repr": "The Girl From Montana", "action_flag": 1, "change_message": "[{\"added\": {}}]"}}, {"model": "admin.logentry", "pk": 162, "fields": {"action_time": "2019-10-16T00:39:41.627Z", "user": 1, "content_type": 11, "object_id": "17", "object_repr": "The Girl From Montana", "action_flag": 1, "change_message": "[{\"added\": {}}]"}}, {"model": "admin.logentry", "pk": 163, "fields": {"action_time": "2019-10-16T00:41:27.543Z", "user": 1, "content_type": 11, "object_id": "18", "object_repr": "The Girl From Montana", "action_flag": 1, "change_message": "[{\"added\": {}}]"}}, {"model": "admin.logentry", "pk": 164, "fields": {"action_time": "2019-10-16T00:45:47.493Z", "user": 1, "content_type": 7, "object_id": "3", "object_repr": "Frances Hodgson", "action_flag": 1, "change_message": "[{\"added\": {}}]"}}, {"model": "admin.logentry", "pk": 165, "fields": {"action_time": "2019-10-16T00:52:04.063Z", "user": 1, "content_type": 8, "object_id": "6", "object_repr": "A Little Princess", "action_flag": 1, "change_message": "[{\"added\": {}}]"}}, {"model": "admin.logentry", "pk": 166, "fields": {"action_time": "2019-10-16T00:52:42.990Z", "user": 1, "content_type": 11, "object_id": "19", "object_repr": "A Little Princess", "action_flag": 1, "change_message": "[{\"added\": {}}]"}}, {"model": "admin.logentry", "pk": 167, "fields": {"action_time": "2019-10-16T00:53:38.771Z", "user": 1, "content_type": 11, "object_id": "20", "object_repr": "A Little Princess", "action_flag": 1, "change_message": "[{\"added\": {}}]"}}, {"model": "admin.logentry", "pk": 168, "fields": {"action_time": "2019-10-16T00:54:24.653Z", "user": 1, "content_type": 11, "object_id": "21", "object_repr": "A Little Princess", "action_flag": 1, "change_message": "[{\"added\": {}}]"}}, {"model": "admin.logentry", "pk": 169, "fields": {"action_time": "2019-10-16T00:55:59.134Z", "user": 1, "content_type": 7, "object_id": "3", "object_repr": "Frances Hodgson Burnett", "action_flag": 2, "change_message": "[{\"changed\": {\"fields\": [\"last_name\"]}}]"}}, {"model": "admin.logentry", "pk": 170, "fields": {"action_time": "2019-10-16T01:04:55.610Z", "user": 1, "content_type": 9, "object_id": "6", "object_repr": "Children's Classics", "action_flag": 1, "change_message": "[{\"added\": {}}]"}}, {"model": "admin.logentry", "pk": 171, "fields": {"action_time": "2019-10-16T01:05:44.034Z", "user": 1, "content_type": 8, "object_id": "7", "object_repr": "The Secret Garden", "action_flag": 1, "change_message": "[{\"added\": {}}]"}}, {"model": "admin.logentry", "pk": 172, "fields": {"action_time": "2019-10-16T01:06:48.385Z", "user": 1, "content_type": 7, "object_id": "3", "object_repr": "Frances Hodgson Burnett", "action_flag": 2, "change_message": "[{\"changed\": {\"fields\": [\"about\"]}}]"}}, {"model": "admin.logentry", "pk": 173, "fields": {"action_time": "2019-10-16T01:07:17.795Z", "user": 1, "content_type": 8, "object_id": "6", "object_repr": "A Little Princess", "action_flag": 2, "change_message": "[]"}}, {"model": "admin.logentry", "pk": 174, "fields": {"action_time": "2019-10-16T01:08:13.433Z", "user": 1, "content_type": 11, "object_id": "22", "object_repr": "The Secret Garden", "action_flag": 1, "change_message": "[{\"added\": {}}]"}}, {"model": "admin.logentry", "pk": 175, "fields": {"action_time": "2019-10-16T01:08:50.771Z", "user": 1, "content_type": 11, "object_id": "23", "object_repr": "The Secret Garden", "action_flag": 1, "change_message": "[{\"added\": {}}]"}}, {"model": "admin.logentry", "pk": 176, "fields": {"action_time": "2019-10-16T01:09:38.391Z", "user": 1, "content_type": 11, "object_id": "24", "object_repr": "The Secret Garden", "action_flag": 1, "change_message": "[{\"added\": {}}]"}}, {"model": "admin.logentry", "pk": 177, "fields": {"action_time": "2019-10-16T01:11:02.318Z", "user": 1, "content_type": 12, "object_id": "11", "object_repr": "Paperback", "action_flag": 1, "change_message": "[{\"added\": {}}]"}}, {"model": "admin.logentry", "pk": 178, "fields": {"action_time": "2019-10-16T01:11:24.833Z", "user": 1, "content_type": 12, "object_id": "12", "object_repr": "Paperback", "action_flag": 1, "change_message": "[{\"added\": {}}]"}}, {"model": "admin.logentry", "pk": 179, "fields": {"action_time": "2019-10-16T01:12:16.722Z", "user": 1, "content_type": 8, "object_id": "8", "object_repr": "fghfgh", "action_flag": 1, "change_message": "[{\"added\": {}}]"}}, {"model": "admin.logentry", "pk": 180, "fields": {"action_time": "2019-10-16T01:12:31.339Z", "user": 1, "content_type": 8, "object_id": "8", "object_repr": "fghfgh", "action_flag": 3, "change_message": ""}}, {"model": "admin.logentry", "pk": 181, "fields": {"action_time": "2019-10-16T21:58:31.247Z", "user": 1, "content_type": 12, "object_id": "13", "object_repr": "Paperback", "action_flag": 1, "change_message": "[{\"added\": {}}]"}}, {"model": "admin.logentry", "pk": 182, "fields": {"action_time": "2019-10-16T21:58:47.350Z", "user": 1, "content_type": 12, "object_id": "14", "object_repr": "Kindle", "action_flag": 1, "change_message": "[{\"added\": {}}]"}}, {"model": "admin.logentry", "pk": 183, "fields": {"action_time": "2019-10-16T22:46:40.941Z", "user": 1, "content_type": 11, "object_id": "24", "object_repr": "The Secret Garden", "action_flag": 2, "change_message": "[{\"changed\": {\"fields\": [\"rating\"]}}]"}}, {"model": "admin.logentry", "pk": 184, "fields": {"action_time": "2019-10-16T22:46:57.959Z", "user": 1, "content_type": 11, "object_id": "23", "object_repr": "The Secret Garden", "action_flag": 2, "change_message": "[{\"changed\": {\"fields\": [\"rating\", \"title\"]}}]"}}, {"model": "admin.logentry", "pk": 185, "fields": {"action_time": "2019-10-16T22:47:13.053Z", "user": 1, "content_type": 11, "object_id": "22", "object_repr": "The Secret Garden", "action_flag": 2, "change_message": "[{\"changed\": {\"fields\": [\"rating\", \"title\"]}}]"}}, {"model": "admin.logentry", "pk": 186, "fields": {"action_time": "2019-10-16T22:47:27.516Z", "user": 1, "content_type": 11, "object_id": "21", "object_repr": "A Little Princess", "action_flag": 2, "change_message": "[{\"changed\": {\"fields\": [\"rating\", \"title\"]}}]"}}, {"model": "admin.logentry", "pk": 187, "fields": {"action_time": "2019-10-16T22:48:08.975Z", "user": 1, "content_type": 11, "object_id": "20", "object_repr": "A Little Princess", "action_flag": 2, "change_message": "[{\"changed\": {\"fields\": [\"rating\", \"title\"]}}]"}}, {"model": "admin.logentry", "pk": 188, "fields": {"action_time": "2019-10-16T22:48:23.928Z", "user": 1, "content_type": 11, "object_id": "19", "object_repr": "A Little Princess", "action_flag": 2, "change_message": "[{\"changed\": {\"fields\": [\"rating\", \"title\"]}}]"}}, {"model": "admin.logentry", "pk": 189, "fields": {"action_time": "2019-10-16T22:48:35.639Z", "user": 1, "content_type": 11, "object_id": "19", "object_repr": "A Little Princess", "action_flag": 2, "change_message": "[{\"changed\": {\"fields\": [\"rating\", \"title\"]}}]"}}, {"model": "admin.logentry", "pk": 190, "fields": {"action_time": "2019-10-16T22:49:02.175Z", "user": 1, "content_type": 11, "object_id": "18", "object_repr": "The Girl From Montana", "action_flag": 2, "change_message": "[{\"changed\": {\"fields\": [\"rating\", \"title\"]}}]"}}, {"model": "admin.logentry", "pk": 191, "fields": {"action_time": "2019-10-16T22:49:22.221Z", "user": 1, "content_type": 11, "object_id": "17", "object_repr": "The Girl From Montana", "action_flag": 2, "change_message": "[{\"changed\": {\"fields\": [\"rating\", \"title\"]}}]"}}, {"model": "admin.logentry", "pk": 192, "fields": {"action_time": "2019-10-16T22:49:41.413Z", "user": 1, "content_type": 11, "object_id": "16", "object_repr": "The Girl From Montana", "action_flag": 2, "change_message": "[{\"changed\": {\"fields\": [\"rating\", \"title\"]}}]"}}, {"model": "admin.logentry", "pk": 193, "fields": {"action_time": "2019-10-16T22:50:17.948Z", "user": 1, "content_type": 11, "object_id": "15", "object_repr": "The Girl From Montana", "action_flag": 2, "change_message": "[{\"changed\": {\"fields\": [\"rating\", \"title\"]}}]"}}, {"model": "admin.logentry", "pk": 194, "fields": {"action_time": "2019-10-16T22:52:56.621Z", "user": 1, "content_type": 11, "object_id": "14", "object_repr": "The Girl From Montana", "action_flag": 2, "change_message": "[{\"changed\": {\"fields\": [\"rating\", \"title\"]}}]"}}, {"model": "admin.logentry", "pk": 195, "fields": {"action_time": "2019-10-16T22:53:46.096Z", "user": 1, "content_type": 11, "object_id": "13", "object_repr": "The Enchanted Barn", "action_flag": 2, "change_message": "[{\"changed\": {\"fields\": [\"title\"]}}]"}}, {"model": "admin.logentry", "pk": 196, "fields": {"action_time": "2019-10-16T22:54:08.311Z", "user": 1, "content_type": 11, "object_id": "12", "object_repr": "The Enchanted Barn", "action_flag": 2, "change_message": "[{\"changed\": {\"fields\": [\"rating\", \"title\"]}}]"}}, {"model": "admin.logentry", "pk": 197, "fields": {"action_time": "2019-10-16T22:54:31.380Z", "user": 1, "content_type": 11, "object_id": "11", "object_repr": "The Enchanted Barn", "action_flag": 2, "change_message": "[{\"changed\": {\"fields\": [\"rating\", \"title\"]}}]"}}, {"model": "admin.logentry", "pk": 198, "fields": {"action_time": "2019-10-16T22:55:13.592Z", "user": 1, "content_type": 11, "object_id": "10", "object_repr": "The Professor", "action_flag": 2, "change_message": "[{\"changed\": {\"fields\": [\"rating\", \"title\"]}}]"}}, {"model": "admin.logentry", "pk": 199, "fields": {"action_time": "2019-10-16T22:55:48.734Z", "user": 1, "content_type": 11, "object_id": "8", "object_repr": "The Professor", "action_flag": 2, "change_message": "[{\"changed\": {\"fields\": [\"rating\", \"title\"]}}]"}}, {"model": "admin.logentry", "pk": 200, "fields": {"action_time": "2019-10-16T22:56:07.107Z", "user": 1, "content_type": 11, "object_id": "7", "object_repr": "Shirley", "action_flag": 2, "change_message": "[{\"changed\": {\"fields\": [\"title\"]}}]"}}, {"model": "admin.logentry", "pk": 201, "fields": {"action_time": "2019-10-16T22:56:29.182Z", "user": 1, "content_type": 11, "object_id": "5", "object_repr": "Shirley", "action_flag": 2, "change_message": "[{\"changed\": {\"fields\": [\"rating\", \"content\"]}}]"}}, {"model": "admin.logentry", "pk": 202, "fields": {"action_time": "2019-10-16T22:57:05.164Z", "user": 1, "content_type": 11, "object_id": "4", "object_repr": "Villette", "action_flag": 2, "change_message": "[{\"changed\": {\"fields\": [\"rating\", \"title\"]}}]"}}, {"model": "admin.logentry", "pk": 203, "fields": {"action_time": "2019-10-16T22:58:25.364Z", "user": 1, "content_type": 11, "object_id": "3", "object_repr": "Villette", "action_flag": 2, "change_message": "[{\"changed\": {\"fields\": [\"rating\", \"title\"]}}]"}}, {"model": "admin.logentry", "pk": 204, "fields": {"action_time": "2019-10-16T22:58:53.519Z", "user": 1, "content_type": 11, "object_id": "2", "object_repr": "Villette", "action_flag": 2, "change_message": "[{\"changed\": {\"fields\": [\"rating\", \"title\"]}}]"}}, {"model": "admin.logentry", "pk": 205, "fields": {"action_time": "2019-10-16T22:59:33.137Z", "user": 1, "content_type": 11, "object_id": "1", "object_repr": "Villette", "action_flag": 2, "change_message": "[{\"changed\": {\"fields\": [\"rating\", \"title\"]}}]"}}, {"model": "admin.logentry", "pk": 206, "fields": {"action_time": "2019-10-17T18:24:26.209Z", "user": 1, "content_type": 7, "object_id": "4", "object_repr": "Bram Stoker", "action_flag": 1, "change_message": "[{\"added\": {}}]"}}, {"model": "admin.logentry", "pk": 207, "fields": {"action_time": "2019-10-17T18:26:21.146Z", "user": 1, "content_type": 9, "object_id": "7", "object_repr": "Norton", "action_flag": 1, "change_message": "[{\"added\": {}}]"}}, {"model": "admin.logentry", "pk": 208, "fields": {"action_time": "2019-10-17T18:26:48.561Z", "user": 1, "content_type": 8, "object_id": "8", "object_repr": "Dracula", "action_flag": 1, "change_message": "[{\"added\": {}}]"}}, {"model": "admin.logentry", "pk": 209, "fields": {"action_time": "2019-10-17T18:27:08.222Z", "user": 1, "content_type": 12, "object_id": "15", "object_repr": "Paperback", "action_flag": 1, "change_message": "[{\"added\": {}}]"}}, {"model": "admin.logentry", "pk": 210, "fields": {"action_time": "2019-10-17T18:27:22.915Z", "user": 1, "content_type": 12, "object_id": "16", "object_repr": "Hardcover", "action_flag": 1, "change_message": "[{\"added\": {}}]"}}, {"model": "admin.logentry", "pk": 211, "fields": {"action_time": "2019-10-17T18:28:57.612Z", "user": 1, "content_type": 11, "object_id": "25", "object_repr": "Dracula", "action_flag": 1, "change_message": "[{\"added\": {}}]"}}, {"model": "admin.logentry", "pk": 212, "fields": {"action_time": "2019-10-17T18:30:11.866Z", "user": 1, "content_type": 11, "object_id": "26", "object_repr": "Dracula", "action_flag": 1, "change_message": "[{\"added\": {}}]"}}, {"model": "admin.logentry", "pk": 213, "fields": {"action_time": "2019-10-17T18:31:26.169Z", "user": 1, "content_type": 11, "object_id": "27", "object_repr": "Dracula", "action_flag": 1, "change_message": "[{\"added\": {}}]"}}, {"model": "admin.logentry", "pk": 214, "fields": {"action_time": "2019-10-17T18:39:47.354Z", "user": 1, "content_type": 9, "object_id": "8", "object_repr": "Travelman Publishing", "action_flag": 1, "change_message": "[{\"added\": {}}]"}}, {"model": "admin.logentry", "pk": 215, "fields": {"action_time": "2019-10-17T18:40:17.237Z", "user": 1, "content_type": 8, "object_id": "9", "object_repr": "The Judge's House", "action_flag": 1, "change_message": "[{\"added\": {}}]"}}, {"model": "admin.logentry", "pk": 216, "fields": {"action_time": "2019-10-17T18:42:41.759Z", "user": 1, "content_type": 11, "object_id": "28", "object_repr": "The Judge's House", "action_flag": 1, "change_message": "[{\"added\": {}}]"}}, {"model": "admin.logentry", "pk": 217, "fields": {"action_time": "2019-10-17T18:43:38.270Z", "user": 1, "content_type": 11, "object_id": "29", "object_repr": "The Judge's House", "action_flag": 1, "change_message": "[{\"added\": {}}]"}}, {"model": "admin.logentry", "pk": 218, "fields": {"action_time": "2019-10-17T18:44:24.987Z", "user": 1, "content_type": 11, "object_id": "30", "object_repr": "The Judge's House", "action_flag": 1, "change_message": "[{\"added\": {}}]"}}, {"model": "admin.logentry", "pk": 219, "fields": {"action_time": "2019-10-17T18:44:42.983Z", "user": 1, "content_type": 12, "object_id": "17", "object_repr": "Paperback", "action_flag": 1, "change_message": "[{\"added\": {}}]"}}, {"model": "admin.logentry", "pk": 220, "fields": {"action_time": "2019-10-17T18:44:59.520Z", "user": 1, "content_type": 12, "object_id": "18", "object_repr": "Audio CD", "action_flag": 1, "change_message": "[{\"added\": {}}]"}}, {"model": "admin.logentry", "pk": 221, "fields": {"action_time": "2019-10-17T18:47:21.492Z", "user": 1, "content_type": 7, "object_id": "5", "object_repr": "Emmuska Orczy", "action_flag": 1, "change_message": "[{\"added\": {}}]"}}, {"model": "admin.logentry", "pk": 222, "fields": {"action_time": "2019-10-17T18:49:46.850Z", "user": 1, "content_type": 8, "object_id": "10", "object_repr": "The Scarlet Pimpernel", "action_flag": 1, "change_message": "[{\"added\": {}}]"}}, {"model": "admin.logentry", "pk": 223, "fields": {"action_time": "2019-10-17T18:51:10.564Z", "user": 1, "content_type": 11, "object_id": "31", "object_repr": "The Scarlet Pimpernel", "action_flag": 1, "change_message": "[{\"added\": {}}]"}}, {"model": "admin.logentry", "pk": 224, "fields": {"action_time": "2019-10-17T18:51:16.655Z", "user": 1, "content_type": 11, "object_id": "31", "object_repr": "The Scarlet Pimpernel", "action_flag": 2, "change_message": "[{\"changed\": {\"fields\": [\"title\"]}}]"}}, {"model": "admin.logentry", "pk": 225, "fields": {"action_time": "2019-10-17T18:52:13.643Z", "user": 1, "content_type": 11, "object_id": "32", "object_repr": "The Scarlet Pimpernel", "action_flag": 1, "change_message": "[{\"added\": {}}]"}}, {"model": "admin.logentry", "pk": 226, "fields": {"action_time": "2019-10-17T18:53:17.614Z", "user": 1, "content_type": 11, "object_id": "33", "object_repr": "The Scarlet Pimpernel", "action_flag": 1, "change_message": "[{\"added\": {}}]"}}, {"model": "admin.logentry", "pk": 227, "fields": {"action_time": "2019-10-17T18:54:22.370Z", "user": 1, "content_type": 12, "object_id": "19", "object_repr": "Paperback", "action_flag": 1, "change_message": "[{\"added\": {}}]"}}, {"model": "admin.logentry", "pk": 228, "fields": {"action_time": "2019-10-17T19:01:50.797Z", "user": 1, "content_type": 8, "object_id": "11", "object_repr": "The Old Man in the Corner", "action_flag": 1, "change_message": "[{\"added\": {}}]"}}, {"model": "admin.logentry", "pk": 229, "fields": {"action_time": "2019-10-17T19:02:07.199Z", "user": 1, "content_type": 12, "object_id": "20", "object_repr": "Paperback", "action_flag": 1, "change_message": "[{\"added\": {}}]"}}, {"model": "admin.logentry", "pk": 230, "fields": {"action_time": "2019-10-17T19:02:22.733Z", "user": 1, "content_type": 12, "object_id": "21", "object_repr": "Kindle", "action_flag": 1, "change_message": "[{\"added\": {}}]"}}, {"model": "admin.logentry", "pk": 231, "fields": {"action_time": "2019-10-17T19:03:38.125Z", "user": 1, "content_type": 11, "object_id": "34", "object_repr": "The Old Man in the Corner", "action_flag": 1, "change_message": "[{\"added\": {}}]"}}, {"model": "admin.logentry", "pk": 232, "fields": {"action_time": "2019-10-17T19:15:00.072Z", "user": 1, "content_type": 11, "object_id": "35", "object_repr": "The Old Man in the Corner", "action_flag": 1, "change_message": "[{\"added\": {}}]"}}, {"model": "admin.logentry", "pk": 233, "fields": {"action_time": "2019-10-17T19:15:55.006Z", "user": 1, "content_type": 11, "object_id": "36", "object_repr": "The Old Man in the Corner", "action_flag": 1, "change_message": "[{\"added\": {}}]"}}, {"model": "admin.logentry", "pk": 234, "fields": {"action_time": "2019-10-17T20:37:28.067Z", "user": 1, "content_type": 8, "object_id": "12", "object_repr": "Jane Eyre", "action_flag": 1, "change_message": "[{\"added\": {}}]"}}, {"model": "admin.logentry", "pk": 235, "fields": {"action_time": "2019-10-17T20:38:35.996Z", "user": 1, "content_type": 8, "object_id": "12", "object_repr": "Jane Eyre", "action_flag": 2, "change_message": "[]"}}, {"model": "admin.logentry", "pk": 236, "fields": {"action_time": "2019-10-17T20:42:07.295Z", "user": 1, "content_type": 12, "object_id": "22", "object_repr": "Paperback", "action_flag": 1, "change_message": "[{\"added\": {}}]"}}, {"model": "admin.logentry", "pk": 237, "fields": {"action_time": "2019-10-17T20:42:21.376Z", "user": 1, "content_type": 12, "object_id": "23", "object_repr": "Kindle", "action_flag": 1, "change_message": "[{\"added\": {}}]"}}, {"model": "admin.logentry", "pk": 238, "fields": {"action_time": "2019-10-17T20:42:37.553Z", "user": 1, "content_type": 12, "object_id": "24", "object_repr": "Audio CD", "action_flag": 1, "change_message": "[{\"added\": {}}]"}}, {"model": "admin.logentry", "pk": 239, "fields": {"action_time": "2019-10-17T20:43:35.987Z", "user": 1, "content_type": 11, "object_id": "37", "object_repr": "Jane Eyre", "action_flag": 1, "change_message": "[{\"added\": {}}]"}}, {"model": "admin.logentry", "pk": 240, "fields": {"action_time": "2019-10-17T20:44:19.702Z", "user": 1, "content_type": 11, "object_id": "38", "object_repr": "Jane Eyre", "action_flag": 1, "change_message": "[{\"added\": {}}]"}}, {"model": "admin.logentry", "pk": 241, "fields": {"action_time": "2019-10-17T20:45:16.916Z", "user": 1, "content_type": 11, "object_id": "39", "object_repr": "Jane Eyre", "action_flag": 1, "change_message": "[{\"added\": {}}]"}}]